alarm_id,timestamp,clear_time,cell_id,site_id,alarm_name,severity,status
ALM_000259,2026-08-01 00:11:00,2026-08-01 00:16:00,CELL_010_2,SITE_010,POWER_SUPPLY_WARNING,WARNING,CLEARED
ALM_001047,2026-08-01 00:55:00,2026-08-01 02:55:00,CELL_039_1,SITE_039,MINOR_VSWR_WARNING,MINOR,CLEARED
ALM_000025,2026-08-01 01:23:00,2026-08-01 01:28:00,CELL_001_3,SITE_001,MINOR_VSWR_WARNING,MINOR,CLEARED
ALM_000212,2026-08-01 02:59:00,2026-08-01 03:04:00,CELL_008_3,SITE_008,SYNCHRONIZATION_WARNING,MINOR,CLEARED
ALM_000900,2026-08-01 03:51:00,2026-08-01 04:51:00,CELL_033_3,SITE_033,SYNCHRONIZATION_WARNING,MINOR,CLEARED
ALM_000328,2026-08-01 06:09:00,2026-08-01 06:24:00,CELL_013_2,SITE_013,TRANSPORT_LINK_FLAP,WARNING,CLEARED
ALM_000749,2026-08-01 07:10:00,2026-08-01 07:25:00,CELL_028_1,SITE_028,TRANSPORT_LINK_FLAP,WARNING,CLEARED
ALM_000907,2026-08-01 07:10:00,2026-08-01 07:20:00,CELL_034_1,SITE_034,POWER_SUPPLY_WARNING,WARNING,CLEARED
ALM_000354,2026-08-01 08:00:00,2026-08-01 10:00:00,CELL_014_1,SITE_014,POWER_SUPPLY_WARNING,WARNING,CLEARED
ALM_001067,2026-08-01 08:06:00,2026-08-01 09:06:00,CELL_039_3,SITE_039,POWER_SUPPLY_WARNING,WARNING,CLEARED
ALM_000656,2026-08-01 08:57:00,2026-08-01 09:07:00,CELL_024_2,SITE_024,HIGH_TEMPERATURE,MINOR,CLEARED
ALM_000636,2026-08-01 09:05:00,2026-08-01 11:05:00,CELL_023_2,SITE_023,POWER_SUPPLY_WARNING,WARNING,CLEARED
ALM_000540,2026-08-01 10:37:00,2026-08-01 12:37:00,CELL_020_1,SITE_020,POWER_SUPPLY_WARNING,WARNING,CLEARED
ALM_000941,2026-08-01 12:20:00,2026-08-01 14:20:00,CELL_035_1,SITE_035,SYNCHRONIZATION_WARNING,MINOR,CLEARED
ALM_000565,2026-08-01 12:54:00,2026-08-01 14:54:00,CELL_021_1,SITE_021,MINOR_VSWR_WARNING,MINOR,CLEARED
ALM_000901,2026-08-01 13:20:00,2026-08-01 13:50:00,CELL_033_3,SITE_033,TRANSPORT_LINK_FLAP,WARNING,CLEARED
ALM_000239,2026-08-01 13:30:00,2026-08-01 15:30:00,CELL_009_3,SITE_009,TRANSPORT_LINK_FLAP,WARNING,CLEARED
ALM_000317,2026-08-01 14:09:00,2026-08-01 16:09:00,CELL_012_3,SITE_012,MINOR_VSWR_WARNING,MINOR,CLEARED
ALM_000720,2026-08-01 14:17:00,2026-08-01 14:27:00,CELL_027_1,SITE_027,MINOR_VSWR_WARNING,MINOR,CLEARED
ALM_000175,2026-08-01 15:22:00,2026-08-01 15:37:00,CELL_007_2,SITE_007,TRANSPORT_LINK_FLAP,WARNING,CLEARED
ALM_000677,2026-08-01 16:27:00,2026-08-01 16:37:00,CELL_025_1,SITE_025,TRANSPORT_LINK_FLAP,WARNING,CLEARED
ALM_000823,2026-08-01 20:04:00,2026-08-01 20:19:00,CELL_031_2,SITE_031,SYNCHRONIZATION_WARNING,MINOR,CLEARED
ALM_000806,2026-08-01 20:05:00,2026-08-01 20:35:00,CELL_030_3,SITE_030,SYNCHRONIZATION_WARNING,MINOR,CLEARED
ALM_000956,2026-08-01 20:26:00,2026-08-01 20:36:00,CELL_035_3,SITE_035,POWER_SUPPLY_WARNING,WARNING,CLEARED
ALM_000188,2026-08-01 20:53:00,2026-08-01 21:03:00,CELL_007_3,SITE_007,HIGH_TEMPERATURE,MINOR,CLEARED
ALM_000690,2026-08-01 23:19:00,2026-08-02 01:19:00,CELL_025_2,SITE_025,SYNCHRONIZATION_WARNING,MINOR,CLEARED
ALM_000451,2026-08-02 00:31:00,2026-08-02 00:41:00,CELL_017_1,SITE_017,HIGH_TEMPERATURE,MINOR,CLEARED
ALM_000981,2026-08-02 00:33:00,2026-08-02 01:33:00,CELL_036_3,SITE_036,TRANSPORT_LINK_FLAP,WARNING,CLEARED
ALM_000610,2026-08-02 01:13:00,2026-08-02 01:23:00,CELL_022_2,SITE_022,SYNCHRONIZATION_WARNING,MINOR,CLEARED
ALM_000359,2026-08-02 01:56:00,2026-08-02 02:26:00,CELL_014_1,SITE_014,SYNCHRONIZATION_WARNING,MINOR,CLEARED
ALM_000937,2026-08-02 02:11:00,2026-08-02 02:41:00,CELL_035_1,SITE_035,MINOR_VSWR_WARNING,MINOR,CLEARED
ALM_000348,2026-08-02 02:59:00,2026-08-02 03:59:00,CELL_014_1,SITE_014,TRANSPORT_LINK_FLAP,WARNING,CLEARED
ALM_000615,2026-08-02 04:47:00,2026-08-02 05:17:00,CELL_022_3,SITE_022,MINOR_VSWR_WARNING,MINOR,CLEARED
ALM_001091,2026-08-02 05:49:00,2026-08-02 06:04:00,CELL_040_2,SITE_040,POWER_SUPPLY_WARNING,WARNING,CLEARED
ALM_000622,2026-08-02 07:12:00,2026-08-02 07:17:00,CELL_023_1,SITE_023,SYNCHRONIZATION_WARNING,MINOR,CLEARED
ALM_000235,2026-08-02 07:28:00,2026-08-02 09:28:00,CELL_009_2,SITE_009,POWER_SUPPLY_WARNING,WARNING,CLEARED
ALM_000845,2026-08-02 08:12:00,2026-08-02 08:27:00,CELL_032_1,SITE_032,SYNCHRONIZATION_WARNING,MINOR,CLEARED
ALM_000112,2026-08-02 09:22:00,2026-08-02 09:32:00,CELL_005_2,SITE_005,MINOR_VSWR_WARNING,MINOR,CLEARED
ALM_000374,2026-08-02 09:39:00,2026-08-02 10:09:00,CELL_014_2,SITE_014,HIGH_TEMPERATURE,MINOR,CLEARED
ALM_000038,2026-08-02 09:51:00,2026-08-02 10:21:00,CELL_002_2,SITE_002,HIGH_TEMPERATURE,MINOR,CLEARED
ALM_001049,2026-08-02 10:03:00,2026-08-02 10:13:00,CELL_039_1,SITE_039,TRANSPORT_LINK_FLAP,WARNING,CLEARED
ALM_000713,2026-08-02 10:09:00,2026-08-02 10:19:00,CELL_026_3,SITE_026,SYNCHRONIZATION_WARNING,MINOR,CLEARED
ALM_000963,2026-08-02 10:32:00,2026-08-02 10:47:00,CELL_036_1,SITE_036,TRANSPORT_LINK_FLAP,WARNING,CLEARED
ALM_000715,2026-08-02 10:45:00,2026-08-02 11:45:00,CELL_027_1,SITE_027,MINOR_VSWR_WARNING,MINOR,CLEARED
ALM_000015,2026-08-02 11:22:00,2026-08-02 11:32:00,CELL_001_2,SITE_001,POWER_SUPPLY_WARNING,WARNING,CLEARED
ALM_000561,2026-08-02 11:34:00,2026-08-02 12:34:00,CELL_021_1,SITE_021,POWER_SUPPLY_WARNING,WARNING,CLEARED
ALM_001101,2026-08-02 12:08:00,2026-08-02 12:23:00,CELL_040_3,SITE_040,POWER_SUPPLY_WARNING,WARNING,CLEARED
ALM_000032,2026-08-02 12:29:00,2026-08-02 12:44:00,CELL_002_2,SITE_002,MINOR_VSWR_WARNING,MINOR,CLEARED
ALM_000069,2026-08-02 13:55:00,2026-08-02 14:55:00,CELL_003_3,SITE_003,HIGH_TEMPERATURE,MINOR,CLEARED
ALM_000258,2026-08-02 15:08:00,2026-08-02 16:08:00,CELL_010_2,SITE_010,HIGH_TEMPERATURE,MINOR,CLEARED
ALM_000911,2026-08-02 16:06:00,2026-08-02 16:16:00,CELL_034_1,SITE_034,TRANSPORT_LINK_FLAP,WARNING,CLEARED
ALM_000763,2026-08-02 16:49:00,2026-08-02 18:49:00,CELL_028_3,SITE_028,TRANSPORT_LINK_FLAP,WARNING,CLEARED
ALM_000968,2026-08-02 16:50:00,2026-08-02 17:00:00,CELL_036_1,SITE_036,TRANSPORT_LINK_FLAP,WARNING,CLEARED
ALM_000089,2026-08-02 16:55:00,2026-08-02 17:05:00,CELL_004_2,SITE_004,HIGH_TEMPERATURE,MINOR,CLEARED
ALM_000508,2026-08-02 17:14:00,2026-08-02 19:14:00,CELL_019_1,SITE_019,POWER_SUPPLY_WARNING,WARNING,CLEARED
ALM_001071,2026-08-02 17:21:00,2026-08-02 18:21:00,CELL_039_3,SITE_039,MINOR_VSWR_WARNING,MINOR,CLEARED
ALM_000360,2026-08-02 17:22:00,2026-08-02 17:27:00,CELL_014_1,SITE_014,TRANSPORT_LINK_FLAP,WARNING,CLEARED
ALM_000092,2026-08-02 18:21:00,2026-08-02 18:51:00,CELL_004_2,SITE_004,HIGH_TEMPERATURE,MINOR,CLEARED
ALM_000454,2026-08-02 18:48:00,2026-08-02 19:48:00,CELL_017_1,SITE_017,POWER_SUPPLY_WARNING,WARNING,CLEARED
ALM_000873,2026-08-02 18:52:00,2026-08-02 19:52:00,CELL_032_3,SITE_032,HIGH_TEMPERATURE,MINOR,CLEARED
ALM_000820,2026-08-02 19:25:00,2026-08-02 19:35:00,CELL_031_1,SITE_031,MINOR_VSWR_WARNING,MINOR,CLEARED
ALM_000431,2026-08-02 19:35:00,2026-08-02 21:35:00,CELL_016_3,SITE_016,MINOR_VSWR_WARNING,MINOR,CLEARED
ALM_000325,2026-08-02 20:23:00,2026-08-02 20:53:00,CELL_013_1,SITE_013,HIGH_TEMPERATURE,MINOR,CLEARED
ALM_000725,2026-08-02 20:24:00,2026-08-02 22:24:00,CELL_027_2,SITE_027,POWER_SUPPLY_WARNING,WARNING,CLEARED
ALM_000770,2026-08-02 20:58:00,2026-08-02 21:13:00,CELL_029_1,SITE_029,POWER_SUPPLY_WARNING,WARNING,CLEARED
ALM_000554,2026-08-02 22:09:00,2026-08-02 22:39:00,CELL_020_2,SITE_020,POWER_SUPPLY_WARNING,WARNING,CLEARED
ALM_000712,2026-08-02 23:48:00,2026-08-02 23:58:00,CELL_026_3,SITE_026,MINOR_VSWR_WARNING,MINOR,CLEARED
ALM_000893,2026-08-02 23:57:00,2026-08-03 00:07:00,CELL_033_3,SITE_033,HIGH_TEMPERATURE,MINOR,CLEARED
ALM_000977,2026-08-03 00:05:00,2026-08-03 02:05:00,CELL_036_2,SITE_036,TRANSPORT_LINK_FLAP,WARNING,CLEARED
ALM_000369,2026-08-03 01:42:00,2026-08-03 03:42:00,CELL_014_2,SITE_014,POWER_SUPPLY_WARNING,WARNING,CLEARED
ALM_000182,2026-08-03 01:56:00,2026-08-03 02:11:00,CELL_007_3,SITE_007,MINOR_VSWR_WARNING,MINOR,CLEARED
ALM_000979,2026-08-03 02:23:00,2026-08-03 02:28:00,CELL_036_2,SITE_036,HIGH_TEMPERATURE,MINOR,CLEARED
ALM_000779,2026-08-03 05:51:00,2026-08-03 06:51:00,CELL_029_2,SITE_029,POWER_SUPPLY_WARNING,WARNING,CLEARED
ALM_000045,2026-08-03 06:12:00,2026-08-03 06:42:00,CELL_002_3,SITE_002,MINOR_VSWR_WARNING,MINOR,CLEARED
ALM_000653,2026-08-03 06:12:00,2026-08-03 07:12:00,CELL_024_1,SITE_024,SYNCHRONIZATION_WARNING,MINOR,CLEARED
ALM_000118,2026-08-03 06:13:00,2026-08-03 06:23:00,CELL_005_2,SITE_005,HIGH_TEMPERATURE,MINOR,CLEARED
ALM_000109,2026-08-03 07:13:00,2026-08-03 07:28:00,CELL_005_1,SITE_005,HIGH_TEMPERATURE,MINOR,CLEARED
ALM_000995,2026-08-03 07:24:00,2026-08-03 07:34:00,CELL_037_1,SITE_037,HIGH_TEMPERATURE,MINOR,CLEARED
ALM_000896,2026-08-03 08:02:00,2026-08-03 08:32:00,CELL_033_3,SITE_033,SYNCHRONIZATION_WARNING,MINOR,CLEARED
ALM_001154,2026-08-03 10:15:00,2026-08-03 11:00:00,CELL_011_1,SITE_011,CELL_UNAVAILABLE,CRITICAL,CLEARED
ALM_000040,2026-08-03 10:29:00,2026-08-03 10:34:00,CELL_002_2,SITE_002,SYNCHRONIZATION_WARNING,MINOR,CLEARED
ALM_000156,2026-08-03 10:37:00,2026-08-03 12:37:00,CELL_006_3,SITE_006,HIGH_TEMPERATURE,MINOR,CLEARED
ALM_000161,2026-08-03 11:03:00,2026-08-03 11:13:00,CELL_007_1,SITE_007,HIGH_TEMPERATURE,MINOR,CLEARED
ALM_000769,2026-08-03 11:07:00,2026-08-03 11:22:00,CELL_029_1,SITE_029,HIGH_TEMPERATURE,MINOR,CLEARED
ALM_000361,2026-08-03 11:16:00,2026-08-03 11:26:00,CELL_014_2,SITE_014,MINOR_VSWR_WARNING,MINOR,CLEARED
ALM_000047,2026-08-03 11:32:00,2026-08-03 11:47:00,CELL_003_1,SITE_003,SYNCHRONIZATION_WARNING,MINOR,CLEARED
ALM_000246,2026-08-03 11:36:00,2026-08-03 11:41:00,CELL_010_1,SITE_010,POWER_SUPPLY_WARNING,WARNING,CLEARED
ALM_000455,2026-08-03 13:04:00,2026-08-03 13:14:00,CELL_017_1,SITE_017,SYNCHRONIZATION_WARNING,MINOR,CLEARED
ALM_000662,2026-08-03 13:12:00,2026-08-03 13:27:00,CELL_024_2,SITE_024,SYNCHRONIZATION_WARNING,MINOR,CLEARED
ALM_000306,2026-08-03 13:49:00,2026-08-03 13:59:00,CELL_012_1,SITE_012,MINOR_VSWR_WARNING,MINOR,CLEARED
ALM_000511,2026-08-03 14:45:00,2026-08-03 14:55:00,CELL_019_1,SITE_019,POWER_SUPPLY_WARNING,WARNING,CLEARED
ALM_000685,2026-08-03 17:17:00,2026-08-03 17:32:00,CELL_025_2,SITE_025,MINOR_VSWR_WARNING,MINOR,CLEARED
ALM_000586,2026-08-03 17:34:00,2026-08-03 17:44:00,CELL_021_3,SITE_021,SYNCHRONIZATION_WARNING,MINOR,CLEARED
ALM_001118,2026-08-03 18:05:00,2026-08-03 22:00:00,CELL_035_2,SITE_035,HIGH_RESOURCE_UTILIZATION,MAJOR,CLEARED
ALM_000061,2026-08-03 19:19:00,2026-08-03 19:29:00,CELL_003_2,SITE_003,POWER_SUPPLY_WARNING,WARNING,CLEARED
ALM_000826,2026-08-03 19:43:00,2026-08-03 21:43:00,CELL_031_2,SITE_031,TRANSPORT_LINK_FLAP,WARNING,CLEARED
ALM_001166,2026-08-03 20:00:00,2026-08-03 23:00:00,CELL_003_3,SITE_003,HANDOVER_FAILURE_RATE_HIGH,MAJOR,CLEARED
ALM_000427,2026-08-03 20:39:00,2026-08-03 20:54:00,CELL_016_2,SITE_016,SYNCHRONIZATION_WARNING,MINOR,CLEARED
ALM_000368,2026-08-03 21:04:00,2026-08-03 23:04:00,CELL_014_2,SITE_014,POWER_SUPPLY_WARNING,WARNING,CLEARED
ALM_000238,2026-08-03 21:10:00,2026-08-03 21:25:00,CELL_009_3,SITE_009,MINOR_VSWR_WARNING,MINOR,CLEARED
ALM_000506,2026-08-03 21:59:00,2026-08-03 22:14:00,CELL_019_1,SITE_019,MINOR_VSWR_WARNING,MINOR,CLEARED
ALM_000077,2026-08-04 01:11:00,2026-08-04 01:16:00,CELL_004_1,SITE_004,TRANSPORT_LINK_FLAP,WARNING,CLEARED
ALM_000537,2026-08-04 01:47:00,2026-08-04 02:17:00,CELL_020_1,SITE_020,TRANSPORT_LINK_FLAP,WARNING,CLEARED
ALM_000648,2026-08-04 02:46:00,2026-08-04 02:56:00,CELL_024_1,SITE_024,SYNCHRONIZATION_WARNING,MINOR,CLEARED
ALM_000395,2026-08-04 04:14:00,2026-08-04 04:24:00,CELL_015_2,SITE_015,POWER_SUPPLY_WARNING,WARNING,CLEARED
ALM_000993,2026-08-04 05:48:00,2026-08-04 06:03:00,CELL_036_3,SITE_036,SYNCHRONIZATION_WARNING,MINOR,CLEARED
ALM_000663,2026-08-04 05:58:00,2026-08-04 06:58:00,CELL_024_2,SITE_024,HIGH_TEMPERATURE,MINOR,CLEARED
ALM_000529,2026-08-04 07:03:00,2026-08-04 08:03:00,CELL_019_3,SITE_019,POWER_SUPPLY_WARNING,WARNING,CLEARED
ALM_000004,2026-08-04 07:13:00,2026-08-04 07:28:00,CELL_001_1,SITE_001,TRANSPORT_LINK_FLAP,WARNING,CLEARED
ALM_000390,2026-08-04 07:53:00,2026-08-04 08:08:00,CELL_015_1,SITE_015,POWER_SUPPLY_WARNING,WARNING,CLEARED
ALM_000034,2026-08-04 09:02:00,2026-08-04 09:17:00,CELL_002_2,SITE_002,MINOR_VSWR_WARNING,MINOR,CLEARED
ALM_000323,2026-08-04 09:20:00,2026-08-04 09:30:00,CELL_012_3,SITE_012,SYNCHRONIZATION_WARNING,MINOR,CLEARED
ALM_000215,2026-08-04 09:58:00,2026-08-04 11:58:00,CELL_008_3,SITE_008,POWER_SUPPLY_WARNING,WARNING,CLEARED
ALM_000410,2026-08-04 10:21:00,2026-08-04 10:26:00,CELL_015_3,SITE_015,MINOR_VSWR_WARNING,MINOR,CLEARED
ALM_000543,2026-08-04 11:02:00,2026-08-04 12:02:00,CELL_020_1,SITE_020,TRANSPORT_LINK_FLAP,WARNING,CLEARED
ALM_001093,2026-08-04 11:57:00,2026-08-04 12:12:00,CELL_040_2,SITE_040,POWER_SUPPLY_WARNING,WARNING,CLEARED
ALM_000019,2026-08-04 12:59:00,2026-08-04 13:09:00,CELL_001_2,SITE_001,TRANSPORT_LINK_FLAP,WARNING,CLEARED
ALM_001116,2026-08-04 13:10:00,2026-08-04 14:00:00,CELL_005_2,SITE_005,HIGH_RESOURCE_UTILIZATION,MAJOR,CLEARED
ALM_001141,2026-08-04 13:15:00,2026-08-04 17:00:00,CELL_026_2,SITE_026,TRANSPORT_PACKET_LOSS,MAJOR,CLEARED
ALM_001076,2026-08-04 13:27:00,2026-08-04 14:27:00,CELL_039_3,SITE_039,POWER_SUPPLY_WARNING,WARNING,CLEARED
ALM_000598,2026-08-04 13:38:00,2026-08-04 14:08:00,CELL_022_1,SITE_022,HIGH_TEMPERATURE,MINOR,CLEARED
ALM_001003,2026-08-04 13:47:00,2026-08-04 14:17:00,CELL_037_1,SITE_037,POWER_SUPPLY_WARNING,WARNING,CLEARED
ALM_000603,2026-08-04 14:24:00,2026-08-04 14:34:00,CELL_022_2,SITE_022,MINOR_VSWR_WARNING,MINOR,CLEARED
ALM_000644,2026-08-04 14:31:00,2026-08-04 15:01:00,CELL_024_1,SITE_024,TRANSPORT_LINK_FLAP,WARNING,CLEARED
ALM_000906,2026-08-04 14:43:00,2026-08-04 15:43:00,CELL_034_1,SITE_034,HIGH_TEMPERATURE,MINOR,CLEARED
ALM_000721,2026-08-04 15:20:00,2026-08-04 15:50:00,CELL_027_1,SITE_027,HIGH_TEMPERATURE,MINOR,CLEARED
ALM_000165,2026-08-04 16:16:00,2026-08-04 16:46:00,CELL_007_1,SITE_007,SYNCHRONIZATION_WARNING,MINOR,CLEARED
ALM_000052,2026-08-04 17:29:00,2026-08-04 17:59:00,CELL_003_1,SITE_003,TRANSPORT_LINK_FLAP,WARNING,CLEARED
ALM_001092,2026-08-04 18:07:00,2026-08-04 18:17:00,CELL_040_2,SITE_040,HIGH_TEMPERATURE,MINOR,CLEARED
ALM_000778,2026-08-04 18:09:00,2026-08-04 18:39:00,CELL_029_2,SITE_029,TRANSPORT_LINK_FLAP,WARNING,CLEARED
ALM_000616,2026-08-04 18:55:00,2026-08-04 19:00:00,CELL_022_3,SITE_022,POWER_SUPPLY_WARNING,WARNING,CLEARED
ALM_000482,2026-08-04 19:33:00,2026-08-04 19:48:00,CELL_018_1,SITE_018,SYNCHRONIZATION_WARNING,MINOR,CLEARED
ALM_000890,2026-08-04 21:10:00,2026-08-04 22:10:00,CELL_033_2,SITE_033,TRANSPORT_LINK_FLAP,WARNING,CLEARED
ALM_000062,2026-08-04 21:36:00,2026-08-04 23:36:00,CELL_003_2,SITE_003,MINOR_VSWR_WARNING,MINOR,CLEARED
ALM_000998,2026-08-04 22:03:00,2026-08-04 22:33:00,CELL_037_1,SITE_037,MINOR_VSWR_WARNING,MINOR,CLEARED
ALM_000964,2026-08-04 22:48:00,2026-08-04 23:18:00,CELL_036_1,SITE_036,HIGH_TEMPERATURE,MINOR,CLEARED
ALM_000978,2026-08-04 23:06:00,2026-08-04 23:21:00,CELL_036_2,SITE_036,POWER_SUPPLY_WARNING,WARNING,CLEARED
ALM_000928,2026-08-04 23:45:00,2026-08-05 00:15:00,CELL_034_3,SITE_034,POWER_SUPPLY_WARNING,WARNING,CLEARED
ALM_000830,2026-08-04 23:53:00,2026-08-05 01:53:00,CELL_031_3,SITE_031,SYNCHRONIZATION_WARNING,MINOR,CLEARED
ALM_001077,2026-08-05 00:36:00,2026-08-05 00:46:00,CELL_040_1,SITE_040,POWER_SUPPLY_WARNING,WARNING,CLEARED
ALM_001043,2026-08-05 01:31:00,2026-08-05 02:31:00,CELL_038_3,SITE_038,TRANSPORT_LINK_FLAP,WARNING,CLEARED
ALM_000682,2026-08-05 01:44:00,2026-08-05 01:54:00,CELL_025_1,SITE_025,TRANSPORT_LINK_FLAP,WARNING,CLEARED
ALM_000522,2026-08-05 02:29:00,2026-08-05 03:29:00,CELL_019_2,SITE_019,MINOR_VSWR_WARNING,MINOR,CLEARED
ALM_001035,2026-08-05 02:53:00,2026-08-05 03:03:00,CELL_038_2,SITE_038,MINOR_VSWR_WARNING,MINOR,CLEARED
ALM_000504,2026-08-05 03:29:00,2026-08-05 03:39:00,CELL_018_3,SITE_018,MINOR_VSWR_WARNING,MINOR,CLEARED
ALM_000055,2026-08-05 03:32:00,2026-08-05 05:32:00,CELL_003_1,SITE_003,TRANSPORT_LINK_FLAP,WARNING,CLEARED
ALM_001106,2026-08-05 07:05:00,2026-08-05 10:00:00,CELL_028_1,SITE_028,HIGH_RESOURCE_UTILIZATION,MAJOR,CLEARED
ALM_000222,2026-08-05 07:45:00,2026-08-05 07:50:00,CELL_009_1,SITE_009,MINOR_VSWR_WARNING,MINOR,CLEARED
ALM_000243,2026-08-05 08:01:00,2026-08-05 08:31:00,CELL_010_1,SITE_010,POWER_SUPPLY_WARNING,WARNING,CLEARED
ALM_000762,2026-08-05 08:09:00,2026-08-05 09:09:00,CELL_028_3,SITE_028,POWER_SUPPLY_WARNING,WARNING,CLEARED
ALM_000711,2026-08-05 09:08:00,2026-08-05 10:08:00,CELL_026_2,SITE_026,MINOR_VSWR_WARNING,MINOR,CLEARED
ALM_001005,2026-08-05 10:14:00,2026-08-05 10:44:00,CELL_037_1,SITE_037,HIGH_TEMPERATURE,MINOR,CLEARED
ALM_000480,2026-08-05 10:43:00,2026-08-05 11:13:00,CELL_018_1,SITE_018,POWER_SUPPLY_WARNING,WARNING,CLEARED
ALM_000816,2026-08-05 12:47:00,2026-08-05 13:02:00,CELL_031_1,SITE_031,POWER_SUPPLY_WARNING,WARNING,CLEARED
ALM_000394,2026-08-05 13:16:00,2026-08-05 13:31:00,CELL_015_2,SITE_015,SYNCHRONIZATION_WARNING,MINOR,CLEARED
ALM_000500,2026-08-05 13:31:00,2026-08-05 13:41:00,CELL_018_3,SITE_018,SYNCHRONIZATION_WARNING,MINOR,CLEARED
ALM_000130,2026-08-05 15:45:00,2026-08-05 15:50:00,CELL_006_1,SITE_006,POWER_SUPPLY_WARNING,WARNING,CLEARED
ALM_000989,2026-08-05 15:49:00,2026-08-05 15:59:00,CELL_036_3,SITE_036,POWER_SUPPLY_WARNING,WARNING,CLEARED
ALM_000257,2026-08-05 16:06:00,2026-08-05 16:36:00,CELL_010_2,SITE_010,MINOR_VSWR_WARNING,MINOR,CLEARED
ALM_001016,2026-08-05 16:25:00,2026-08-05 16:55:00,CELL_037_2,SITE_037,POWER_SUPPLY_WARNING,WARNING,CLEARED
ALM_000613,2026-08-05 16:30:00,2026-08-05 16:35:00,CELL_022_3,SITE_022,HIGH_TEMPERATURE,MINOR,CLEARED
ALM_000432,2026-08-05 16:44:00,2026-08-05 18:44:00,CELL_016_3,SITE_016,TRANSPORT_LINK_FLAP,WARNING,CLEARED
ALM_000286,2026-08-05 17:06:00,2026-08-05 17:36:00,CELL_011_2,SITE_011,SYNCHRONIZATION_WARNING,MINOR,CLEARED
ALM_000735,2026-08-05 17:42:00,2026-08-05 17:52:00,CELL_027_3,SITE_027,HIGH_TEMPERATURE,MINOR,CLEARED
ALM_000997,2026-08-05 19:42:00,2026-08-05 20:12:00,CELL_037_1,SITE_037,MINOR_VSWR_WARNING,MINOR,CLEARED
ALM_000271,2026-08-05 20:07:00,2026-08-05 20:12:00,CELL_011_1,SITE_011,TRANSPORT_LINK_FLAP,WARNING,CLEARED
ALM_000273,2026-08-05 20:49:00,2026-08-05 21:04:00,CELL_011_1,SITE_011,HIGH_TEMPERATURE,MINOR,CLEARED
ALM_001119,2026-08-05 21:15:00,2026-08-06 01:00:00,CELL_023_3,SITE_023,HIGH_RESOURCE_UTILIZATION,MAJOR,CLEARED
ALM_000277,2026-08-05 21:42:00,2026-08-05 22:12:00,CELL_011_1,SITE_011,TRANSPORT_LINK_FLAP,WARNING,CLEARED
ALM_000133,2026-08-05 22:04:00,2026-08-05 22:34:00,CELL_006_1,SITE_006,TRANSPORT_LINK_FLAP,WARNING,CLEARED
ALM_000467,2026-08-05 22:35:00,2026-08-05 22:40:00,CELL_017_2,SITE_017,SYNCHRONIZATION_WARNING,MINOR,CLEARED
ALM_001032,2026-08-05 22:46:00,2026-08-06 00:46:00,CELL_038_2,SITE_038,POWER_SUPPLY_WARNING,WARNING,CLEARED
ALM_000914,2026-08-05 22:56:00,2026-08-05 23:26:00,CELL_034_1,SITE_034,MINOR_VSWR_WARNING,MINOR,CLEARED
ALM_000927,2026-08-05 23:23:00,2026-08-06 00:23:00,CELL_034_3,SITE_034,MINOR_VSWR_WARNING,MINOR,CLEARED
ALM_000213,2026-08-06 00:37:00,2026-08-06 01:37:00,CELL_008_3,SITE_008,MINOR_VSWR_WARNING,MINOR,CLEARED
ALM_000003,2026-08-06 01:09:00,2026-08-06 02:09:00,CELL_001_1,SITE_001,SYNCHRONIZATION_WARNING,MINOR,CLEARED
ALM_000800,2026-08-06 01:32:00,2026-08-06 01:47:00,CELL_030_2,SITE_030,TRANSPORT_LINK_FLAP,WARNING,CLEARED
ALM_001096,2026-08-06 01:50:00,2026-08-06 02:50:00,CELL_040_2,SITE_040,MINOR_VSWR_WARNING,MINOR,CLEARED
ALM_000797,2026-08-06 02:44:00,2026-08-06 04:44:00,CELL_030_2,SITE_030,MINOR_VSWR_WARNING,MINOR,CLEARED
ALM_000082,2026-08-06 02:54:00,2026-08-06 03:24:00,CELL_004_1,SITE_004,HIGH_TEMPERATURE,MINOR,CLEARED
ALM_000230,2026-08-06 03:29:00,2026-08-06 03:39:00,CELL_009_2,SITE_009,SYNCHRONIZATION_WARNING,MINOR,CLEARED
ALM_000945,2026-08-06 04:20:00,2026-08-06 06:20:00,CELL_035_2,SITE_035,MINOR_VSWR_WARNING,MINOR,CLEARED
ALM_000227,2026-08-06 04:20:00,2026-08-06 04:50:00,CELL_009_2,SITE_009,SYNCHRONIZATION_WARNING,MINOR,CLEARED
ALM_000205,2026-08-06 04:31:00,2026-08-06 04:36:00,CELL_008_2,SITE_008,TRANSPORT_LINK_FLAP,WARNING,CLEARED
ALM_000300,2026-08-06 06:03:00,2026-08-06 06:18:00,CELL_011_3,SITE_011,TRANSPORT_LINK_FLAP,WARNING,CLEARED
ALM_000196,2026-08-06 06:28:00,2026-08-06 06:58:00,CELL_008_1,SITE_008,MINOR_VSWR_WARNING,MINOR,CLEARED
ALM_000976,2026-08-06 06:31:00,2026-08-06 06:36:00,CELL_036_2,SITE_036,POWER_SUPPLY_WARNING,WARNING,CLEARED
ALM_000962,2026-08-06 07:37:00,2026-08-06 07:52:00,CELL_035_3,SITE_035,POWER_SUPPLY_WARNING,WARNING,CLEARED
ALM_000899,2026-08-06 08:24:00,2026-08-06 08:34:00,CELL_033_3,SITE_033,SYNCHRONIZATION_WARNING,MINOR,CLEARED
ALM_000446,2026-08-06 09:14:00,2026-08-06 11:14:00,CELL_017_1,SITE_017,POWER_SUPPLY_WARNING,WARNING,CLEARED
ALM_001136,2026-08-06 10:10:00,2026-08-06 13:00:00,CELL_012_1,SITE_012,RADIO_QUALITY_DEGRADATION,MAJOR,CLEARED
ALM_000159,2026-08-06 10:52:00,2026-08-06 12:52:00,CELL_007_1,SITE_007,POWER_SUPPLY_WARNING,WARNING,CLEARED
ALM_000552,2026-08-06 10:56:00,2026-08-06 11:01:00,CELL_020_2,SITE_020,MINOR_VSWR_WARNING,MINOR,CLEARED
ALM_000592,2026-08-06 12:25:00,2026-08-06 12:40:00,CELL_022_1,SITE_022,HIGH_TEMPERATURE,MINOR,CLEARED
ALM_000191,2026-08-06 14:31:00,2026-08-06 14:46:00,CELL_008_1,SITE_008,SYNCHRONIZATION_WARNING,MINOR,CLEARED
ALM_000279,2026-08-06 14:35:00,2026-08-06 15:05:00,CELL_011_2,SITE_011,POWER_SUPPLY_WARNING,WARNING,CLEARED
ALM_000380,2026-08-06 14:36:00,2026-08-06 14:41:00,CELL_014_3,SITE_014,SYNCHRONIZATION_WARNING,MINOR,CLEARED
ALM_000888,2026-08-06 14:56:00,2026-08-06 15:01:00,CELL_033_2,SITE_033,SYNCHRONIZATION_WARNING,MINOR,CLEARED
ALM_000013,2026-08-06 19:05:00,2026-08-06 19:15:00,CELL_001_2,SITE_001,TRANSPORT_LINK_FLAP,WARNING,CLEARED
ALM_001045,2026-08-06 19:19:00,2026-08-06 19:34:00,CELL_039_1,SITE_039,HIGH_TEMPERATURE,MINOR,CLEARED
ALM_000452,2026-08-06 19:41:00,2026-08-06 20:41:00,CELL_017_1,SITE_017,MINOR_VSWR_WARNING,MINOR,CLEARED
ALM_000559,2026-08-06 20:04:00,2026-08-06 20:09:00,CELL_021_1,SITE_021,POWER_SUPPLY_WARNING,WARNING,CLEARED
ALM_000932,2026-08-06 21:40:00,2026-08-06 22:40:00,CELL_035_1,SITE_035,TRANSPORT_LINK_FLAP,WARNING,CLEARED
ALM_000189,2026-08-06 23:18:00,2026-08-06 23:28:00,CELL_007_3,SITE_007,SYNCHRONIZATION_WARNING,MINOR,CLEARED
ALM_000621,2026-08-06 23:23:00,2026-08-07 00:23:00,CELL_023_1,SITE_023,SYNCHRONIZATION_WARNING,MINOR,CLEARED
ALM_000849,2026-08-06 23:40:00,2026-08-06 23:50:00,CELL_032_1,SITE_032,MINOR_VSWR_WARNING,MINOR,CLEARED
ALM_001004,2026-08-06 23:57:00,2026-08-07 00:02:00,CELL_037_1,SITE_037,POWER_SUPPLY_WARNING,WARNING,CLEARED
ALM_001094,2026-08-07 00:46:00,2026-08-07 01:46:00,CELL_040_2,SITE_040,TRANSPORT_LINK_FLAP,WARNING,CLEARED
ALM_000974,2026-08-07 00:57:00,2026-08-07 01:07:00,CELL_036_2,SITE_036,POWER_SUPPLY_WARNING,WARNING,CLEARED
ALM_000291,2026-08-07 01:40:00,2026-08-07 01:50:00,CELL_011_3,SITE_011,HIGH_TEMPERATURE,MINOR,CLEARED
ALM_000418,2026-08-07 02:14:00,2026-08-07 02:44:00,CELL_016_1,SITE_016,TRANSPORT_LINK_FLAP,WARNING,CLEARED
ALM_000855,2026-08-07 02:27:00,2026-08-07 03:27:00,CELL_032_1,SITE_032,HIGH_TEMPERATURE,MINOR,CLEARED
ALM_001057,2026-08-07 02:40:00,2026-08-07 02:45:00,CELL_039_2,SITE_039,SYNCHRONIZATION_WARNING,MINOR,CLEARED
ALM_000581,2026-08-07 02:52:00,2026-08-07 04:52:00,CELL_021_3,SITE_021,HIGH_TEMPERATURE,MINOR,CLEARED
ALM_000281,2026-08-07 03:03:00,2026-08-07 03:33:00,CELL_011_2,SITE_011,POWER_SUPPLY_WARNING,WARNING,CLEARED
ALM_000782,2026-08-07 03:18:00,2026-08-07 03:48:00,CELL_029_3,SITE_029,SYNCHRONIZATION_WARNING,MINOR,CLEARED
ALM_000840,2026-08-07 03:43:00,2026-08-07 04:13:00,CELL_031_3,SITE_031,POWER_SUPPLY_WARNING,WARNING,CLEARED
ALM_000883,2026-08-07 03:47:00,2026-08-07 04:17:00,CELL_033_1,SITE_033,POWER_SUPPLY_WARNING,WARNING,CLEARED
ALM_001060,2026-08-07 04:18:00,2026-08-07 04:23:00,CELL_039_2,SITE_039,HIGH_TEMPERATURE,MINOR,CLEARED
ALM_000498,2026-08-07 06:48:00,2026-08-07 08:48:00,CELL_018_3,SITE_018,HIGH_TEMPERATURE,MINOR,CLEARED
ALM_000839,2026-08-07 06:51:00,2026-08-07 07:06:00,CELL_031_3,SITE_031,SYNCHRONIZATION_WARNING,MINOR,CLEARED
ALM_000223,2026-08-07 07:09:00,2026-08-07 09:09:00,CELL_009_1,SITE_009,MINOR_VSWR_WARNING,MINOR,CLEARED
ALM_000755,2026-08-07 07:10:00,2026-08-07 07:25:00,CELL_028_2,SITE_028,SYNCHRONIZATION_WARNING,MINOR,CLEARED
ALM_000139,2026-08-07 08:50:00,2026-08-07 10:50:00,CELL_006_2,SITE_006,TRANSPORT_LINK_FLAP,WARNING,CLEARED
ALM_001074,2026-08-07 11:11:00,2026-08-07 13:11:00,CELL_039_3,SITE_039,MINOR_VSWR_WARNING,MINOR,CLEARED
ALM_000385,2026-08-07 11:35:00,2026-08-07 11:45:00,CELL_014_3,SITE_014,POWER_SUPPLY_WARNING,WARNING,CLEARED
ALM_000973,2026-08-07 12:30:00,2026-08-07 12:35:00,CELL_036_2,SITE_036,TRANSPORT_LINK_FLAP,WARNING,CLEARED
ALM_001008,2026-08-07 12:58:00,2026-08-07 13:58:00,CELL_037_2,SITE_037,SYNCHRONIZATION_WARNING,MINOR,CLEARED
ALM_001102,2026-08-07 14:27:00,2026-08-07 15:27:00,CELL_040_3,SITE_040,MINOR_VSWR_WARNING,MINOR,CLEARED
ALM_000794,2026-08-07 15:16:00,2026-08-07 15:46:00,CELL_030_2,SITE_030,POWER_SUPPLY_WARNING,WARNING,CLEARED
ALM_000308,2026-08-07 15:56:00,2026-08-07 16:01:00,CELL_012_1,SITE_012,TRANSPORT_LINK_FLAP,WARNING,CLEARED
ALM_001037,2026-08-07 16:15:00,2026-08-07 18:15:00,CELL_038_2,SITE_038,MINOR_VSWR_WARNING,MINOR,CLEARED
ALM_000071,2026-08-07 17:03:00,2026-08-07 17:08:00,CELL_003_3,SITE_003,POWER_SUPPLY_WARNING,WARNING,CLEARED
ALM_000002,2026-08-07 17:20:00,2026-08-07 18:20:00,CELL_001_1,SITE_001,MINOR_VSWR_WARNING,MINOR,CLEARED
ALM_000777,2026-08-07 17:40:00,2026-08-07 17:50:00,CELL_029_2,SITE_029,HIGH_TEMPERATURE,MINOR,CLEARED
ALM_000083,2026-08-07 17:52:00,2026-08-07 18:52:00,CELL_004_1,SITE_004,SYNCHRONIZATION_WARNING,MINOR,CLEARED
ALM_000910,2026-08-07 17:56:00,2026-08-07 18:01:00,CELL_034_1,SITE_034,SYNCHRONIZATION_WARNING,MINOR,CLEARED
ALM_000245,2026-08-07 18:22:00,2026-08-07 19:22:00,CELL_010_1,SITE_010,HIGH_TEMPERATURE,MINOR,CLEARED
ALM_000214,2026-08-07 18:54:00,2026-08-07 18:59:00,CELL_008_3,SITE_008,HIGH_TEMPERATURE,MINOR,CLEARED
ALM_000958,2026-08-07 19:04:00,2026-08-07 19:19:00,CELL_035_3,SITE_035,MINOR_VSWR_WARNING,MINOR,CLEARED
ALM_000579,2026-08-07 19:20:00,2026-08-07 19:50:00,CELL_021_3,SITE_021,SYNCHRONIZATION_WARNING,MINOR,CLEARED
ALM_000469,2026-08-07 19:21:00,2026-08-07 20:21:00,CELL_017_3,SITE_017,HIGH_TEMPERATURE,MINOR,CLEARED
ALM_000657,2026-08-07 20:35:00,2026-08-07 20:40:00,CELL_024_2,SITE_024,MINOR_VSWR_WARNING,MINOR,CLEARED
ALM_000848,2026-08-07 21:58:00,2026-08-07 22:08:00,CELL_032_1,SITE_032,TRANSPORT_LINK_FLAP,WARNING,CLEARED
ALM_000834,2026-08-07 22:50:00,2026-08-07 23:20:00,CELL_031_3,SITE_031,POWER_SUPPLY_WARNING,WARNING,CLEARED
ALM_000773,2026-08-07 23:19:00,2026-08-07 23:24:00,CELL_029_2,SITE_029,SYNCHRONIZATION_WARNING,MINOR,CLEARED
ALM_000753,2026-08-08 00:59:00,2026-08-08 01:04:00,CELL_028_2,SITE_028,POWER_SUPPLY_WARNING,WARNING,CLEARED
ALM_000489,2026-08-08 01:03:00,2026-08-08 01:33:00,CELL_018_1,SITE_018,MINOR_VSWR_WARNING,MINOR,CLEARED
ALM_000329,2026-08-08 01:05:00,2026-08-08 01:10:00,CELL_013_2,SITE_013,HIGH_TEMPERATURE,MINOR,CLEARED
ALM_000951,2026-08-08 01:43:00,2026-08-08 03:43:00,CELL_035_3,SITE_035,HIGH_TEMPERATURE,MINOR,CLEARED
ALM_000796,2026-08-08 02:23:00,2026-08-08 04:23:00,CELL_030_2,SITE_030,TRANSPORT_LINK_FLAP,WARNING,CLEARED
ALM_000445,2026-08-08 03:52:00,2026-08-08 04:07:00,CELL_017_1,SITE_017,SYNCHRONIZATION_WARNING,MINOR,CLEARED
ALM_000518,2026-08-08 03:58:00,2026-08-08 04:03:00,CELL_019_2,SITE_019,MINOR_VSWR_WARNING,MINOR,CLEARED
ALM_000007,2026-08-08 04:02:00,2026-08-08 06:02:00,CELL_001_1,SITE_001,SYNCHRONIZATION_WARNING,MINOR,CLEARED
ALM_000423,2026-08-08 05:54:00,2026-08-08 06:04:00,CELL_016_2,SITE_016,HIGH_TEMPERATURE,MINOR,CLEARED
ALM_000336,2026-08-08 06:04:00,2026-08-08 06:34:00,CELL_013_2,SITE_013,POWER_SUPPLY_WARNING,WARNING,CLEARED
ALM_000231,2026-08-08 06:06:00,2026-08-08 06:11:00,CELL_009_2,SITE_009,MINOR_VSWR_WARNING,MINOR,CLEARED
ALM_000503,2026-08-08 07:34:00,2026-08-08 08:04:00,CELL_018_3,SITE_018,MINOR_VSWR_WARNING,MINOR,CLEARED
ALM_000327,2026-08-08 07:46:00,2026-08-08 08:46:00,CELL_013_2,SITE_013,SYNCHRONIZATION_WARNING,MINOR,CLEARED
ALM_000307,2026-08-08 07:47:00,2026-08-08 08:02:00,CELL_012_1,SITE_012,TRANSPORT_LINK_FLAP,WARNING,CLEARED
ALM_000453,2026-08-08 07:59:00,2026-08-08 08:09:00,CELL_017_1,SITE_017,POWER_SUPPLY_WARNING,WARNING,CLEARED
ALM_000450,2026-08-08 08:07:00,2026-08-08 10:07:00,CELL_017_1,SITE_017,POWER_SUPPLY_WARNING,WARNING,CLEARED
ALM_000915,2026-08-08 08:13:00,2026-08-08 10:13:00,CELL_034_1,SITE_034,SYNCHRONIZATION_WARNING,MINOR,CLEARED
ALM_000895,2026-08-08 09:04:00,2026-08-08 09:14:00,CELL_033_3,SITE_033,SYNCHRONIZATION_WARNING,MINOR,CLEARED
ALM_000031,2026-08-08 09:39:00,2026-08-08 10:09:00,CELL_002_1,SITE_002,SYNCHRONIZATION_WARNING,MINOR,CLEARED
ALM_001110,2026-08-08 10:00:00,2026-08-08 11:00:00,CELL_004_3,SITE_004,HIGH_RESOURCE_UTILIZATION,MAJOR,CLEARED
ALM_000116,2026-08-08 10:36:00,2026-08-08 10:51:00,CELL_005_2,SITE_005,TRANSPORT_LINK_FLAP,WARNING,CLEARED
ALM_000248,2026-08-08 12:39:00,2026-08-08 12:44:00,CELL_010_1,SITE_010,HIGH_TEMPERATURE,MINOR,CLEARED
ALM_000442,2026-08-08 12:53:00,2026-08-08 13:03:00,CELL_016_3,SITE_016,HIGH_TEMPERATURE,MINOR,CLEARED
ALM_000960,2026-08-08 13:16:00,2026-08-08 14:16:00,CELL_035_3,SITE_035,POWER_SUPPLY_WARNING,WARNING,CLEARED
ALM_000027,2026-08-08 13:41:00,2026-08-08 14:11:00,CELL_002_1,SITE_002,HIGH_TEMPERATURE,MINOR,CLEARED
ALM_000353,2026-08-08 14:50:00,2026-08-08 15:50:00,CELL_014_1,SITE_014,MINOR_VSWR_WARNING,MINOR,CLEARED
ALM_000600,2026-08-08 15:02:00,2026-08-08 17:02:00,CELL_022_2,SITE_022,SYNCHRONIZATION_WARNING,MINOR,CLEARED
ALM_000169,2026-08-08 16:09:00,2026-08-08 17:09:00,CELL_007_2,SITE_007,SYNCHRONIZATION_WARNING,MINOR,CLEARED
ALM_001089,2026-08-08 16:40:00,2026-08-08 17:40:00,CELL_040_2,SITE_040,POWER_SUPPLY_WARNING,WARNING,CLEARED
ALM_000147,2026-08-08 17:40:00,2026-08-08 19:40:00,CELL_006_2,SITE_006,TRANSPORT_LINK_FLAP,WARNING,CLEARED
ALM_001111,2026-08-08 18:00:00,2026-08-08 22:00:00,CELL_024_3,SITE_024,HIGH_RESOURCE_UTILIZATION,MAJOR,CLEARED
ALM_000808,2026-08-08 18:02:00,2026-08-08 18:07:00,CELL_030_3,SITE_030,TRANSPORT_LINK_FLAP,WARNING,CLEARED
ALM_001121,2026-08-08 18:15:00,2026-08-08 19:00:00,CELL_025_2,SITE_025,HIGH_RESOURCE_UTILIZATION,MAJOR,CLEARED
ALM_001115,2026-08-08 19:15:00,2026-08-08 22:00:00,CELL_007_2,SITE_007,HIGH_RESOURCE_UTILIZATION,MAJOR,CLEARED
ALM_000072,2026-08-08 20:49:00,2026-08-08 20:59:00,CELL_003_3,SITE_003,HIGH_TEMPERATURE,MINOR,CLEARED
ALM_001026,2026-08-08 21:03:00,2026-08-08 23:03:00,CELL_038_1,SITE_038,SYNCHRONIZATION_WARNING,MINOR,CLEARED
ALM_001053,2026-08-08 21:24:00,2026-08-08 21:54:00,CELL_039_1,SITE_039,SYNCHRONIZATION_WARNING,MINOR,CLEARED
ALM_000435,2026-08-08 21:53:00,2026-08-08 22:23:00,CELL_016_3,SITE_016,POWER_SUPPLY_WARNING,WARNING,CLEARED
ALM_000009,2026-08-08 22:16:00,2026-08-09 00:16:00,CELL_001_1,SITE_001,TRANSPORT_LINK_FLAP,WARNING,CLEARED
ALM_000595,2026-08-08 22:38:00,2026-08-08 22:53:00,CELL_022_1,SITE_022,POWER_SUPPLY_WARNING,WARNING,CLEARED
ALM_000219,2026-08-08 22:49:00,2026-08-08 22:54:00,CELL_008_3,SITE_008,MINOR_VSWR_WARNING,MINOR,CLEARED
ALM_000967,2026-08-08 23:09:00,2026-08-08 23:14:00,CELL_036_1,SITE_036,TRANSPORT_LINK_FLAP,WARNING,CLEARED
ALM_001099,2026-08-08 23:34:00,2026-08-08 23:49:00,CELL_040_3,SITE_040,TRANSPORT_LINK_FLAP,WARNING,CLEARED
ALM_000580,2026-08-09 00:54:00,2026-08-09 01:24:00,CELL_021_3,SITE_021,MINOR_VSWR_WARNING,MINOR,CLEARED
ALM_000626,2026-08-09 01:22:00,2026-08-09 02:22:00,CELL_023_1,SITE_023,POWER_SUPPLY_WARNING,WARNING,CLEARED
ALM_000470,2026-08-09 01:47:00,2026-08-09 02:17:00,CELL_017_3,SITE_017,MINOR_VSWR_WARNING,MINOR,CLEARED
ALM_000114,2026-08-09 01:58:00,2026-08-09 02:28:00,CELL_005_2,SITE_005,HIGH_TEMPERATURE,MINOR,CLEARED
ALM_000885,2026-08-09 03:22:00,2026-08-09 03:52:00,CELL_033_2,SITE_033,MINOR_VSWR_WARNING,MINOR,CLEARED
ALM_000999,2026-08-09 03:29:00,2026-08-09 05:29:00,CELL_037_1,SITE_037,HIGH_TEMPERATURE,MINOR,CLEARED
ALM_001063,2026-08-09 04:23:00,2026-08-09 04:53:00,CELL_039_2,SITE_039,POWER_SUPPLY_WARNING,WARNING,CLEARED
ALM_000456,2026-08-09 04:38:00,2026-08-09 05:38:00,CELL_017_1,SITE_017,TRANSPORT_LINK_FLAP,WARNING,CLEARED
ALM_000148,2026-08-09 05:50:00,2026-08-09 06:05:00,CELL_006_2,SITE_006,POWER_SUPPLY_WARNING,WARNING,CLEARED
ALM_000664,2026-08-09 06:21:00,2026-08-09 06:31:00,CELL_024_2,SITE_024,HIGH_TEMPERATURE,MINOR,CLEARED
ALM_001164,2026-08-09 07:05:00,2026-08-09 08:00:00,CELL_026_1,SITE_026,HANDOVER_FAILURE_RATE_HIGH,MAJOR,CLEARED
ALM_000546,2026-08-09 07:38:00,2026-08-09 09:38:00,CELL_020_2,SITE_020,TRANSPORT_LINK_FLAP,WARNING,CLEARED
ALM_000557,2026-08-09 07:44:00,2026-08-09 08:44:00,CELL_020_3,SITE_020,HIGH_TEMPERATURE,MINOR,CLEARED
ALM_001162,2026-08-09 08:00:00,2026-08-09 11:00:00,CELL_011_2,SITE_011,HANDOVER_FAILURE_RATE_HIGH,MAJOR,CLEARED
ALM_000857,2026-08-09 08:57:00,2026-08-09 09:27:00,CELL_032_2,SITE_032,TRANSPORT_LINK_FLAP,WARNING,CLEARED
ALM_001138,2026-08-09 09:00:00,2026-08-09 13:00:00,CELL_016_2,SITE_016,RADIO_QUALITY_DEGRADATION,MAJOR,CLEARED
ALM_000844,2026-08-09 09:07:00,2026-08-09 09:22:00,CELL_032_1,SITE_032,MINOR_VSWR_WARNING,MINOR,CLEARED
ALM_001107,2026-08-09 09:10:00,2026-08-09 10:00:00,CELL_011_2,SITE_011,HIGH_RESOURCE_UTILIZATION,MAJOR,CLEARED
ALM_000703,2026-08-09 10:39:00,2026-08-09 10:44:00,CELL_026_1,SITE_026,HIGH_TEMPERATURE,MINOR,CLEARED
ALM_001066,2026-08-09 10:56:00,2026-08-09 11:26:00,CELL_039_2,SITE_039,SYNCHRONIZATION_WARNING,MINOR,CLEARED
ALM_000654,2026-08-09 11:05:00,2026-08-09 11:10:00,CELL_024_1,SITE_024,MINOR_VSWR_WARNING,MINOR,CLEARED
ALM_000818,2026-08-09 11:37:00,2026-08-09 11:47:00,CELL_031_1,SITE_031,MINOR_VSWR_WARNING,MINOR,CLEARED
ALM_000100,2026-08-09 13:16:00,2026-08-09 13:46:00,CELL_004_3,SITE_004,MINOR_VSWR_WARNING,MINOR,CLEARED
ALM_001054,2026-08-09 13:35:00,2026-08-09 14:35:00,CELL_039_1,SITE_039,SYNCHRONIZATION_WARNING,MINOR,CLEARED
ALM_000136,2026-08-09 13:44:00,2026-08-09 13:54:00,CELL_006_1,SITE_006,TRANSPORT_LINK_FLAP,WARNING,CLEARED
ALM_000187,2026-08-09 13:48:00,2026-08-09 13:58:00,CELL_007_3,SITE_007,TRANSPORT_LINK_FLAP,WARNING,CLEARED
ALM_000484,2026-08-09 14:27:00,2026-08-09 14:32:00,CELL_018_1,SITE_018,TRANSPORT_LINK_FLAP,WARNING,CLEARED
ALM_000729,2026-08-09 14:56:00,2026-08-09 15:06:00,CELL_027_2,SITE_027,HIGH_TEMPERATURE,MINOR,CLEARED
ALM_000695,2026-08-09 15:17:00,2026-08-09 16:17:00,CELL_025_3,SITE_025,HIGH_TEMPERATURE,MINOR,CLEARED
ALM_000875,2026-08-09 15:22:00,2026-08-09 15:37:00,CELL_032_3,SITE_032,MINOR_VSWR_WARNING,MINOR,CLEARED
ALM_000707,2026-08-09 15:23:00,2026-08-09 16:23:00,CELL_026_2,SITE_026,HIGH_TEMPERATURE,MINOR,CLEARED
ALM_000144,2026-08-09 15:26:00,2026-08-09 15:41:00,CELL_006_2,SITE_006,POWER_SUPPLY_WARNING,WARNING,CLEARED
ALM_000971,2026-08-09 15:45:00,2026-08-09 16:00:00,CELL_036_1,SITE_036,SYNCHRONIZATION_WARNING,MINOR,CLEARED
ALM_000276,2026-08-09 16:09:00,2026-08-09 18:09:00,CELL_011_1,SITE_011,HIGH_TEMPERATURE,MINOR,CLEARED
ALM_000176,2026-08-09 16:09:00,2026-08-09 16:14:00,CELL_007_2,SITE_007,POWER_SUPPLY_WARNING,WARNING,CLEARED
ALM_000073,2026-08-09 18:30:00,2026-08-09 18:40:00,CELL_003_3,SITE_003,SYNCHRONIZATION_WARNING,MINOR,CLEARED
ALM_000107,2026-08-09 18:32:00,2026-08-09 18:42:00,CELL_005_1,SITE_005,SYNCHRONIZATION_WARNING,MINOR,CLEARED
ALM_000859,2026-08-09 19:05:00,2026-08-09 19:15:00,CELL_032_2,SITE_032,SYNCHRONIZATION_WARNING,MINOR,CLEARED
ALM_000936,2026-08-09 19:24:00,2026-08-09 19:29:00,CELL_035_1,SITE_035,TRANSPORT_LINK_FLAP,WARNING,CLEARED
ALM_000948,2026-08-09 19:55:00,2026-08-09 20:10:00,CELL_035_2,SITE_035,SYNCHRONIZATION_WARNING,MINOR,CLEARED
ALM_000387,2026-08-09 20:15:00,2026-08-09 20:20:00,CELL_014_3,SITE_014,TRANSPORT_LINK_FLAP,WARNING,CLEARED
ALM_000514,2026-08-09 20:42:00,2026-08-09 20:47:00,CELL_019_1,SITE_019,TRANSPORT_LINK_FLAP,WARNING,CLEARED
ALM_000274,2026-08-09 21:59:00,2026-08-09 22:09:00,CELL_011_1,SITE_011,POWER_SUPPLY_WARNING,WARNING,CLEARED
ALM_000409,2026-08-09 22:33:00,2026-08-09 22:48:00,CELL_015_3,SITE_015,POWER_SUPPLY_WARNING,WARNING,CLEARED
ALM_000321,2026-08-09 22:35:00,2026-08-10 00:35:00,CELL_012_3,SITE_012,POWER_SUPPLY_WARNING,WARNING,CLEARED
ALM_000783,2026-08-10 00:23:00,2026-08-10 00:53:00,CELL_030_1,SITE_030,POWER_SUPPLY_WARNING,WARNING,CLEARED
ALM_000206,2026-08-10 00:58:00,2026-08-10 01:58:00,CELL_008_2,SITE_008,HIGH_TEMPERATURE,MINOR,CLEARED
ALM_000674,2026-08-10 01:03:00,2026-08-10 01:18:00,CELL_025_1,SITE_025,TRANSPORT_LINK_FLAP,WARNING,CLEARED
ALM_000593,2026-08-10 01:18:00,2026-08-10 02:18:00,CELL_022_1,SITE_022,POWER_SUPPLY_WARNING,WARNING,CLEARED
ALM_000668,2026-08-10 01:33:00,2026-08-10 02:03:00,CELL_024_3,SITE_024,MINOR_VSWR_WARNING,MINOR,CLEARED
ALM_000050,2026-08-10 02:05:00,2026-08-10 02:10:00,CELL_003_1,SITE_003,HIGH_TEMPERATURE,MINOR,CLEARED
ALM_000162,2026-08-10 02:46:00,2026-08-10 03:01:00,CELL_007_1,SITE_007,SYNCHRONIZATION_WARNING,MINOR,CLEARED
ALM_000983,2026-08-10 03:03:00,2026-08-10 03:13:00,CELL_036_3,SITE_036,TRANSPORT_LINK_FLAP,WARNING,CLEARED
ALM_000809,2026-08-10 03:12:00,2026-08-10 05:12:00,CELL_030_3,SITE_030,TRANSPORT_LINK_FLAP,WARNING,CLEARED
ALM_000075,2026-08-10 04:32:00,2026-08-10 06:32:00,CELL_003_3,SITE_003,HIGH_TEMPERATURE,MINOR,CLEARED
ALM_000886,2026-08-10 04:33:00,2026-08-10 05:03:00,CELL_033_2,SITE_033,POWER_SUPPLY_WARNING,WARNING,CLEARED
ALM_000550,2026-08-10 05:28:00,2026-08-10 05:38:00,CELL_020_2,SITE_020,SYNCHRONIZATION_WARNING,MINOR,CLEARED
ALM_000318,2026-08-10 05:49:00,2026-08-10 06:49:00,CELL_012_3,SITE_012,TRANSPORT_LINK_FLAP,WARNING,CLEARED
ALM_000493,2026-08-10 06:29:00,2026-08-10 06:59:00,CELL_018_2,SITE_018,HIGH_TEMPERATURE,MINOR,CLEARED
ALM_000309,2026-08-10 06:49:00,2026-08-10 07:49:00,CELL_012_1,SITE_012,TRANSPORT_LINK_FLAP,WARNING,CLEARED
ALM_000862,2026-08-10 07:26:00,2026-08-10 07:31:00,CELL_032_2,SITE_032,SYNCHRONIZATION_WARNING,MINOR,CLEARED
ALM_001132,2026-08-10 08:10:00,2026-08-10 10:00:00,CELL_018_1,SITE_018,RADIO_QUALITY_DEGRADATION,MAJOR,CLEARED
ALM_000199,2026-08-10 08:27:00,2026-08-10 10:27:00,CELL_008_1,SITE_008,SYNCHRONIZATION_WARNING,MINOR,CLEARED
ALM_000041,2026-08-10 08:30:00,2026-08-10 08:40:00,CELL_002_3,SITE_002,TRANSPORT_LINK_FLAP,WARNING,CLEARED
ALM_000120,2026-08-10 09:48:00,2026-08-10 10:03:00,CELL_005_3,SITE_005,SYNCHRONIZATION_WARNING,MINOR,CLEARED
ALM_000051,2026-08-10 10:02:00,2026-08-10 10:12:00,CELL_003_1,SITE_003,MINOR_VSWR_WARNING,MINOR,CLEARED
ALM_000938,2026-08-10 10:27:00,2026-08-10 11:27:00,CELL_035_1,SITE_035,MINOR_VSWR_WARNING,MINOR,CLEARED
ALM_000909,2026-08-10 10:47:00,2026-08-10 10:52:00,CELL_034_1,SITE_034,POWER_SUPPLY_WARNING,WARNING,CLEARED
ALM_001023,2026-08-10 11:27:00,2026-08-10 13:27:00,CELL_038_1,SITE_038,TRANSPORT_LINK_FLAP,WARNING,CLEARED
ALM_000802,2026-08-10 12:17:00,2026-08-10 14:17:00,CELL_030_3,SITE_030,TRANSPORT_LINK_FLAP,WARNING,CLEARED
ALM_000926,2026-08-10 12:20:00,2026-08-10 13:20:00,CELL_034_3,SITE_034,SYNCHRONIZATION_WARNING,MINOR,CLEARED
ALM_000023,2026-08-10 13:01:00,2026-08-10 13:11:00,CELL_001_3,SITE_001,TRANSPORT_LINK_FLAP,WARNING,CLEARED
ALM_000296,2026-08-10 13:03:00,2026-08-10 14:03:00,CELL_011_3,SITE_011,SYNCHRONIZATION_WARNING,MINOR,CLEARED
ALM_000612,2026-08-10 14:00:00,2026-08-10 14:10:00,CELL_022_3,SITE_022,MINOR_VSWR_WARNING,MINOR,CLEARED
ALM_000355,2026-08-10 14:13:00,2026-08-10 16:13:00,CELL_014_1,SITE_014,MINOR_VSWR_WARNING,MINOR,CLEARED
ALM_001124,2026-08-10 14:15:00,2026-08-10 17:00:00,CELL_017_1,SITE_017,RADIO_QUALITY_DEGRADATION,MAJOR,CLEARED
ALM_000444,2026-08-10 15:01:00,2026-08-10 15:11:00,CELL_016_3,SITE_016,TRANSPORT_LINK_FLAP,WARNING,CLEARED
ALM_000384,2026-08-10 15:16:00,2026-08-10 15:46:00,CELL_014_3,SITE_014,TRANSPORT_LINK_FLAP,WARNING,CLEARED
ALM_000803,2026-08-10 15:25:00,2026-08-10 15:35:00,CELL_030_3,SITE_030,POWER_SUPPLY_WARNING,WARNING,CLEARED
ALM_000413,2026-08-10 16:23:00,2026-08-10 16:28:00,CELL_016_1,SITE_016,POWER_SUPPLY_WARNING,WARNING,CLEARED
ALM_000119,2026-08-10 18:05:00,2026-08-10 18:15:00,CELL_005_3,SITE_005,POWER_SUPPLY_WARNING,WARNING,CLEARED
ALM_001126,2026-08-10 18:10:00,2026-08-10 19:00:00,CELL_029_2,SITE_029,RADIO_QUALITY_DEGRADATION,MAJOR,CLEARED
ALM_000750,2026-08-10 18:38:00,2026-08-10 18:53:00,CELL_028_1,SITE_028,SYNCHRONIZATION_WARNING,MINOR,CLEARED
ALM_000966,2026-08-10 20:04:00,2026-08-10 21:04:00,CELL_036_1,SITE_036,TRANSPORT_LINK_FLAP,WARNING,CLEARED
ALM_000904,2026-08-10 20:53:00,2026-08-10 21:53:00,CELL_033_3,SITE_033,SYNCHRONIZATION_WARNING,MINOR,CLEARED
ALM_000658,2026-08-10 21:13:00,2026-08-10 21:28:00,CELL_024_2,SITE_024,HIGH_TEMPERATURE,MINOR,CLEARED
ALM_000759,2026-08-10 21:29:00,2026-08-10 23:29:00,CELL_028_2,SITE_028,POWER_SUPPLY_WARNING,WARNING,CLEARED
ALM_000675,2026-08-10 21:52:00,2026-08-10 21:57:00,CELL_025_1,SITE_025,MINOR_VSWR_WARNING,MINOR,CLEARED
ALM_000545,2026-08-10 22:43:00,2026-08-10 23:43:00,CELL_020_2,SITE_020,TRANSPORT_LINK_FLAP,WARNING,CLEARED
ALM_000426,2026-08-10 23:00:00,2026-08-10 23:30:00,CELL_016_2,SITE_016,MINOR_VSWR_WARNING,MINOR,CLEARED
ALM_000719,2026-08-11 01:05:00,2026-08-11 02:05:00,CELL_027_1,SITE_027,TRANSPORT_LINK_FLAP,WARNING,CLEARED
ALM_000386,2026-08-11 01:09:00,2026-08-11 02:09:00,CELL_014_3,SITE_014,SYNCHRONIZATION_WARNING,MINOR,CLEARED
ALM_000251,2026-08-11 03:15:00,2026-08-11 04:15:00,CELL_010_1,SITE_010,POWER_SUPPLY_WARNING,WARNING,CLEARED
ALM_000438,2026-08-11 03:27:00,2026-08-11 04:27:00,CELL_016_3,SITE_016,HIGH_TEMPERATURE,MINOR,CLEARED
ALM_000264,2026-08-11 03:29:00,2026-08-11 03:59:00,CELL_010_3,SITE_010,MINOR_VSWR_WARNING,MINOR,CLEARED
ALM_000241,2026-08-11 04:39:00,2026-08-11 06:39:00,CELL_010_1,SITE_010,POWER_SUPPLY_WARNING,WARNING,CLEARED
ALM_000312,2026-08-11 05:00:00,2026-08-11 07:00:00,CELL_012_2,SITE_012,POWER_SUPPLY_WARNING,WARNING,CLEARED
ALM_000319,2026-08-11 06:21:00,2026-08-11 08:21:00,CELL_012_3,SITE_012,HIGH_TEMPERATURE,MINOR,CLEARED
ALM_000060,2026-08-11 07:07:00,2026-08-11 07:22:00,CELL_003_2,SITE_003,TRANSPORT_LINK_FLAP,WARNING,CLEARED
ALM_000178,2026-08-11 07:08:00,2026-08-11 09:08:00,CELL_007_3,SITE_007,SYNCHRONIZATION_WARNING,MINOR,CLEARED
ALM_000064,2026-08-11 08:30:00,2026-08-11 09:30:00,CELL_003_2,SITE_003,POWER_SUPPLY_WARNING,WARNING,CLEARED
ALM_000363,2026-08-11 08:38:00,2026-08-11 08:53:00,CELL_014_2,SITE_014,POWER_SUPPLY_WARNING,WARNING,CLEARED
ALM_000097,2026-08-11 08:59:00,2026-08-11 09:09:00,CELL_004_3,SITE_004,MINOR_VSWR_WARNING,MINOR,CLEARED
ALM_000604,2026-08-11 09:16:00,2026-08-11 09:31:00,CELL_022_2,SITE_022,TRANSPORT_LINK_FLAP,WARNING,CLEARED
ALM_000576,2026-08-11 09:39:00,2026-08-11 09:44:00,CELL_021_2,SITE_021,POWER_SUPPLY_WARNING,WARNING,CLEARED
ALM_000619,2026-08-11 10:31:00,2026-08-11 10:41:00,CELL_023_1,SITE_023,TRANSPORT_LINK_FLAP,WARNING,CLEARED
ALM_000499,2026-08-11 10:58:00,2026-08-11 11:28:00,CELL_018_3,SITE_018,MINOR_VSWR_WARNING,MINOR,CLEARED
ALM_000538,2026-08-11 11:08:00,2026-08-11 11:23:00,CELL_020_1,SITE_020,SYNCHRONIZATION_WARNING,MINOR,CLEARED
ALM_000852,2026-08-11 12:13:00,2026-08-11 13:13:00,CELL_032_1,SITE_032,POWER_SUPPLY_WARNING,WARNING,CLEARED
ALM_000853,2026-08-11 12:13:00,2026-08-11 14:13:00,CELL_032_1,SITE_032,SYNCHRONIZATION_WARNING,MINOR,CLEARED
ALM_000728,2026-08-11 12:19:00,2026-08-11 13:19:00,CELL_027_2,SITE_027,MINOR_VSWR_WARNING,MINOR,CLEARED
ALM_000815,2026-08-11 12:29:00,2026-08-11 12:59:00,CELL_031_1,SITE_031,HIGH_TEMPERATURE,MINOR,CLEARED
ALM_000639,2026-08-11 12:32:00,2026-08-11 12:37:00,CELL_023_2,SITE_023,POWER_SUPPLY_WARNING,WARNING,CLEARED
ALM_001160,2026-08-11 13:00:00,2026-08-11 16:00:00,CELL_031_2,SITE_031,HANDOVER_FAILURE_RATE_HIGH,MAJOR,CLEARED
ALM_000935,2026-08-11 14:11:00,2026-08-11 16:11:00,CELL_035_1,SITE_035,POWER_SUPPLY_WARNING,WARNING,CLEARED
ALM_000795,2026-08-11 15:01:00,2026-08-11 15:11:00,CELL_030_2,SITE_030,MINOR_VSWR_WARNING,MINOR,CLEARED
ALM_000428,2026-08-11 15:36:00,2026-08-11 15:41:00,CELL_016_2,SITE_016,TRANSPORT_LINK_FLAP,WARNING,CLEARED
ALM_000548,2026-08-11 16:31:00,2026-08-11 18:31:00,CELL_020_2,SITE_020,SYNCHRONIZATION_WARNING,MINOR,CLEARED
ALM_000577,2026-08-11 17:33:00,2026-08-11 18:33:00,CELL_021_3,SITE_021,TRANSPORT_LINK_FLAP,WARNING,CLEARED
ALM_000825,2026-08-11 17:59:00,2026-08-11 18:59:00,CELL_031_2,SITE_031,TRANSPORT_LINK_FLAP,WARNING,CLEARED
ALM_001068,2026-08-11 18:35:00,2026-08-11 20:35:00,CELL_039_3,SITE_039,HIGH_TEMPERATURE,MINOR,CLEARED
ALM_000093,2026-08-11 19:29:00,2026-08-11 19:34:00,CELL_004_2,SITE_004,TRANSPORT_LINK_FLAP,WARNING,CLEARED
ALM_001104,2026-08-11 19:54:00,2026-08-11 21:54:00,CELL_040_3,SITE_040,HIGH_TEMPERATURE,MINOR,CLEARED
ALM_001020,2026-08-11 20:35:00,2026-08-11 21:35:00,CELL_037_3,SITE_037,HIGH_TEMPERATURE,MINOR,CLEARED
ALM_000421,2026-08-11 20:55:00,2026-08-11 21:55:00,CELL_016_2,SITE_016,MINOR_VSWR_WARNING,MINOR,CLEARED
ALM_000137,2026-08-11 22:28:00,2026-08-11 22:33:00,CELL_006_2,SITE_006,POWER_SUPPLY_WARNING,WARNING,CLEARED
ALM_000798,2026-08-12 01:28:00,2026-08-12 02:28:00,CELL_030_2,SITE_030,MINOR_VSWR_WARNING,MINOR,CLEARED
ALM_000679,2026-08-12 01:31:00,2026-08-12 01:36:00,CELL_025_1,SITE_025,HIGH_TEMPERATURE,MINOR,CLEARED
ALM_000534,2026-08-12 01:43:00,2026-08-12 01:58:00,CELL_019_3,SITE_019,HIGH_TEMPERATURE,MINOR,CLEARED
ALM_000345,2026-08-12 02:19:00,2026-08-12 02:24:00,CELL_013_3,SITE_013,POWER_SUPPLY_WARNING,WARNING,CLEARED
ALM_000786,2026-08-12 04:57:00,2026-08-12 05:07:00,CELL_030_1,SITE_030,POWER_SUPPLY_WARNING,WARNING,CLEARED
ALM_000667,2026-08-12 05:58:00,2026-08-12 07:58:00,CELL_024_3,SITE_024,HIGH_TEMPERATURE,MINOR,CLEARED
ALM_000289,2026-08-12 07:08:00,2026-08-12 07:23:00,CELL_011_2,SITE_011,POWER_SUPPLY_WARNING,WARNING,CLEARED
ALM_000541,2026-08-12 07:09:00,2026-08-12 07:24:00,CELL_020_1,SITE_020,TRANSPORT_LINK_FLAP,WARNING,CLEARED
ALM_000666,2026-08-12 07:55:00,2026-08-12 08:25:00,CELL_024_3,SITE_024,MINOR_VSWR_WARNING,MINOR,CLEARED
ALM_000108,2026-08-12 08:30:00,2026-08-12 08:35:00,CELL_005_1,SITE_005,MINOR_VSWR_WARNING,MINOR,CLEARED
ALM_000642,2026-08-12 08:57:00,2026-08-12 09:07:00,CELL_023_3,SITE_023,HIGH_TEMPERATURE,MINOR,CLEARED
ALM_000887,2026-08-12 09:09:00,2026-08-12 09:24:00,CELL_033_2,SITE_033,MINOR_VSWR_WARNING,MINOR,CLEARED
ALM_000532,2026-08-12 09:13:00,2026-08-12 11:13:00,CELL_019_3,SITE_019,POWER_SUPPLY_WARNING,WARNING,CLEARED
ALM_000391,2026-08-12 09:49:00,2026-08-12 09:54:00,CELL_015_1,SITE_015,MINOR_VSWR_WARNING,MINOR,CLEARED
ALM_000692,2026-08-12 09:49:00,2026-08-12 09:54:00,CELL_025_2,SITE_025,SYNCHRONIZATION_WARNING,MINOR,CLEARED
ALM_000611,2026-08-12 10:51:00,2026-08-12 12:51:00,CELL_022_3,SITE_022,SYNCHRONIZATION_WARNING,MINOR,CLEARED
ALM_000127,2026-08-12 11:14:00,2026-08-12 11:24:00,CELL_005_3,SITE_005,HIGH_TEMPERATURE,MINOR,CLEARED
ALM_000124,2026-08-12 11:40:00,2026-08-12 12:40:00,CELL_005_3,SITE_005,SYNCHRONIZATION_WARNING,MINOR,CLEARED
ALM_000198,2026-08-12 12:03:00,2026-08-12 12:33:00,CELL_008_1,SITE_008,POWER_SUPPLY_WARNING,WARNING,CLEARED
ALM_000673,2026-08-12 12:41:00,2026-08-12 13:11:00,CELL_025_1,SITE_025,MINOR_VSWR_WARNING,MINOR,CLEARED
ALM_000490,2026-08-12 13:02:00,2026-08-12 13:17:00,CELL_018_2,SITE_018,POWER_SUPPLY_WARNING,WARNING,CLEARED
ALM_000481,2026-08-12 14:00:00,2026-08-12 14:30:00,CELL_018_1,SITE_018,SYNCHRONIZATION_WARNING,MINOR,CLEARED
ALM_001152,2026-08-12 14:00:00,2026-08-12 15:00:00,CELL_026_2,SITE_026,CELL_UNAVAILABLE,CRITICAL,CLEARED
ALM_000216,2026-08-12 15:30:00,2026-08-12 17:30:00,CELL_008_3,SITE_008,MINOR_VSWR_WARNING,MINOR,CLEARED
ALM_000718,2026-08-12 15:33:00,2026-08-12 15:38:00,CELL_027_1,SITE_027,POWER_SUPPLY_WARNING,WARNING,CLEARED
ALM_000757,2026-08-12 15:53:00,2026-08-12 16:08:00,CELL_028_2,SITE_028,SYNCHRONIZATION_WARNING,MINOR,CLEARED
ALM_000347,2026-08-12 16:15:00,2026-08-12 17:15:00,CELL_013_3,SITE_013,HIGH_TEMPERATURE,MINOR,CLEARED
ALM_000531,2026-08-12 17:28:00,2026-08-12 18:28:00,CELL_019_3,SITE_019,POWER_SUPPLY_WARNING,WARNING,CLEARED
ALM_000141,2026-08-12 19:21:00,2026-08-12 19:51:00,CELL_006_2,SITE_006,TRANSPORT_LINK_FLAP,WARNING,CLEARED
ALM_000568,2026-08-12 19:39:00,2026-08-12 19:49:00,CELL_021_2,SITE_021,POWER_SUPPLY_WARNING,WARNING,CLEARED
ALM_000589,2026-08-12 19:44:00,2026-08-12 19:59:00,CELL_021_3,SITE_021,TRANSPORT_LINK_FLAP,WARNING,CLEARED
ALM_001130,2026-08-12 20:00:00,2026-08-12 21:00:00,CELL_030_1,SITE_030,RADIO_QUALITY_DEGRADATION,MAJOR,CLEARED
ALM_000154,2026-08-12 20:36:00,2026-08-12 21:36:00,CELL_006_3,SITE_006,TRANSPORT_LINK_FLAP,WARNING,CLEARED
ALM_000414,2026-08-12 20:39:00,2026-08-12 21:39:00,CELL_016_1,SITE_016,POWER_SUPPLY_WARNING,WARNING,CLEARED
ALM_000527,2026-08-12 21:11:00,2026-08-12 21:21:00,CELL_019_3,SITE_019,MINOR_VSWR_WARNING,MINOR,CLEARED
ALM_000780,2026-08-12 22:46:00,2026-08-12 22:51:00,CELL_029_2,SITE_029,HIGH_TEMPERATURE,MINOR,CLEARED
ALM_000569,2026-08-12 23:06:00,2026-08-12 23:16:00,CELL_021_2,SITE_021,POWER_SUPPLY_WARNING,WARNING,CLEARED
ALM_000207,2026-08-12 23:15:00,2026-08-13 00:15:00,CELL_008_2,SITE_008,SYNCHRONIZATION_WARNING,MINOR,CLEARED
ALM_000087,2026-08-13 00:30:00,2026-08-13 01:00:00,CELL_004_2,SITE_004,HIGH_TEMPERATURE,MINOR,CLEARED
ALM_000043,2026-08-13 01:44:00,2026-08-13 03:44:00,CELL_002_3,SITE_002,POWER_SUPPLY_WARNING,WARNING,CLEARED
ALM_000549,2026-08-13 01:53:00,2026-08-13 02:03:00,CELL_020_2,SITE_020,SYNCHRONIZATION_WARNING,MINOR,CLEARED
ALM_000787,2026-08-13 02:49:00,2026-08-13 03:19:00,CELL_030_1,SITE_030,MINOR_VSWR_WARNING,MINOR,CLEARED
ALM_000094,2026-08-13 05:21:00,2026-08-13 05:36:00,CELL_004_2,SITE_004,HIGH_TEMPERATURE,MINOR,CLEARED
ALM_000647,2026-08-13 05:37:00,2026-08-13 06:07:00,CELL_024_1,SITE_024,POWER_SUPPLY_WARNING,WARNING,CLEARED
ALM_000655,2026-08-13 06:01:00,2026-08-13 06:11:00,CELL_024_2,SITE_024,TRANSPORT_LINK_FLAP,WARNING,CLEARED
ALM_001069,2026-08-13 06:05:00,2026-08-13 06:35:00,CELL_039_3,SITE_039,POWER_SUPPLY_WARNING,WARNING,CLEARED
ALM_000991,2026-08-13 08:03:00,2026-08-13 08:13:00,CELL_036_3,SITE_036,TRANSPORT_LINK_FLAP,WARNING,CLEARED
ALM_000607,2026-08-13 08:16:00,2026-08-13 08:46:00,CELL_022_2,SITE_022,HIGH_TEMPERATURE,MINOR,CLEARED
ALM_000810,2026-08-13 08:18:00,2026-08-13 08:23:00,CELL_030_3,SITE_030,POWER_SUPPLY_WARNING,WARNING,CLEARED
ALM_000986,2026-08-13 09:48:00,2026-08-13 09:58:00,CELL_036_3,SITE_036,MINOR_VSWR_WARNING,MINOR,CLEARED
ALM_000987,2026-08-13 10:53:00,2026-08-13 10:58:00,CELL_036_3,SITE_036,SYNCHRONIZATION_WARNING,MINOR,CLEARED
ALM_000110,2026-08-13 11:15:00,2026-08-13 11:30:00,CELL_005_1,SITE_005,SYNCHRONIZATION_WARNING,MINOR,CLEARED
ALM_000924,2026-08-13 11:44:00,2026-08-13 11:59:00,CELL_034_3,SITE_034,MINOR_VSWR_WARNING,MINOR,CLEARED
ALM_001125,2026-08-13 12:00:00,2026-08-13 14:00:00,CELL_007_3,SITE_007,RADIO_QUALITY_DEGRADATION,MAJOR,CLEARED
ALM_001095,2026-08-13 12:36:00,2026-08-13 12:51:00,CELL_040_2,SITE_040,TRANSPORT_LINK_FLAP,WARNING,CLEARED
ALM_000751,2026-08-13 13:25:00,2026-08-13 14:25:00,CELL_028_1,SITE_028,MINOR_VSWR_WARNING,MINOR,CLEARED
ALM_000984,2026-08-13 14:10:00,2026-08-13 15:10:00,CELL_036_3,SITE_036,TRANSPORT_LINK_FLAP,WARNING,CLEARED
ALM_000135,2026-08-13 14:25:00,2026-08-13 14:40:00,CELL_006_1,SITE_006,TRANSPORT_LINK_FLAP,WARNING,CLEARED
ALM_000908,2026-08-13 15:46:00,2026-08-13 16:46:00,CELL_034_1,SITE_034,POWER_SUPPLY_WARNING,WARNING,CLEARED
ALM_000250,2026-08-13 15:49:00,2026-08-13 15:54:00,CELL_010_1,SITE_010,TRANSPORT_LINK_FLAP,WARNING,CLEARED
ALM_001075,2026-08-13 17:12:00,2026-08-13 17:42:00,CELL_039_3,SITE_039,POWER_SUPPLY_WARNING,WARNING,CLEARED
ALM_000574,2026-08-13 17:25:00,2026-08-13 17:55:00,CELL_021_2,SITE_021,HIGH_TEMPERATURE,MINOR,CLEARED
ALM_000828,2026-08-13 18:02:00,2026-08-13 18:12:00,CELL_031_3,SITE_031,POWER_SUPPLY_WARNING,WARNING,CLEARED
ALM_000096,2026-08-13 18:12:00,2026-08-13 18:42:00,CELL_004_3,SITE_004,TRANSPORT_LINK_FLAP,WARNING,CLEARED
ALM_000408,2026-08-13 18:30:00,2026-08-13 18:40:00,CELL_015_3,SITE_015,MINOR_VSWR_WARNING,MINOR,CLEARED
ALM_001150,2026-08-13 19:00:00,2026-08-13 21:00:00,CELL_007_2,SITE_007,TRANSPORT_PACKET_LOSS,MAJOR,CLEARED
ALM_000942,2026-08-13 19:36:00,2026-08-13 19:51:00,CELL_035_1,SITE_035,SYNCHRONIZATION_WARNING,MINOR,CLEARED
ALM_001014,2026-08-13 20:18:00,2026-08-13 20:33:00,CELL_037_2,SITE_037,SYNCHRONIZATION_WARNING,MINOR,CLEARED
ALM_001153,2026-08-13 21:00:00,2026-08-14 00:00:00,CELL_005_3,SITE_005,CELL_UNAVAILABLE,CRITICAL,CLEARED
ALM_000709,2026-08-13 21:15:00,2026-08-13 21:30:00,CELL_026_2,SITE_026,POWER_SUPPLY_WARNING,WARNING,CLEARED
ALM_000458,2026-08-13 21:36:00,2026-08-13 21:41:00,CELL_017_2,SITE_017,MINOR_VSWR_WARNING,MINOR,CLEARED
ALM_000747,2026-08-13 22:43:00,2026-08-13 23:43:00,CELL_028_1,SITE_028,MINOR_VSWR_WARNING,MINOR,CLEARED
ALM_000646,2026-08-13 22:56:00,2026-08-14 00:56:00,CELL_024_1,SITE_024,TRANSPORT_LINK_FLAP,WARNING,CLEARED
ALM_000117,2026-08-13 23:22:00,2026-08-13 23:27:00,CELL_005_2,SITE_005,MINOR_VSWR_WARNING,MINOR,CLEARED
ALM_000303,2026-08-14 00:18:00,2026-08-14 00:48:00,CELL_011_3,SITE_011,POWER_SUPPLY_WARNING,WARNING,CLEARED
ALM_000510,2026-08-14 00:54:00,2026-08-14 02:54:00,CELL_019_1,SITE_019,POWER_SUPPLY_WARNING,WARNING,CLEARED
ALM_000599,2026-08-14 00:57:00,2026-08-14 01:27:00,CELL_022_1,SITE_022,POWER_SUPPLY_WARNING,WARNING,CLEARED
ALM_000635,2026-08-14 01:13:00,2026-08-14 01:43:00,CELL_023_2,SITE_023,TRANSPORT_LINK_FLAP,WARNING,CLEARED
ALM_000929,2026-08-14 01:41:00,2026-08-14 02:11:00,CELL_034_3,SITE_034,POWER_SUPPLY_WARNING,WARNING,CLEARED
ALM_000314,2026-08-14 02:10:00,2026-08-14 04:10:00,CELL_012_2,SITE_012,POWER_SUPPLY_WARNING,WARNING,CLEARED
ALM_000799,2026-08-14 02:13:00,2026-08-14 02:18:00,CELL_030_2,SITE_030,SYNCHRONIZATION_WARNING,MINOR,CLEARED
ALM_001056,2026-08-14 03:05:00,2026-08-14 05:05:00,CELL_039_2,SITE_039,SYNCHRONIZATION_WARNING,MINOR,CLEARED
ALM_000898,2026-08-14 03:25:00,2026-08-14 05:25:00,CELL_033_3,SITE_033,HIGH_TEMPERATURE,MINOR,CLEARED
ALM_001085,2026-08-14 03:53:00,2026-08-14 04:03:00,CELL_040_1,SITE_040,TRANSPORT_LINK_FLAP,WARNING,CLEARED
ALM_000649,2026-08-14 04:18:00,2026-08-14 04:23:00,CELL_024_1,SITE_024,SYNCHRONIZATION_WARNING,MINOR,CLEARED
ALM_000371,2026-08-14 04:34:00,2026-08-14 06:34:00,CELL_014_2,SITE_014,MINOR_VSWR_WARNING,MINOR,CLEARED
ALM_000814,2026-08-14 07:28:00,2026-08-14 09:28:00,CELL_031_1,SITE_031,MINOR_VSWR_WARNING,MINOR,CLEARED
ALM_000340,2026-08-14 08:39:00,2026-08-14 08:49:00,CELL_013_3,SITE_013,TRANSPORT_LINK_FLAP,WARNING,CLEARED
ALM_000322,2026-08-14 09:19:00,2026-08-14 09:49:00,CELL_012_3,SITE_012,SYNCHRONIZATION_WARNING,MINOR,CLEARED
ALM_000878,2026-08-14 09:35:00,2026-08-14 10:35:00,CELL_033_1,SITE_033,HIGH_TEMPERATURE,MINOR,CLEARED
ALM_000209,2026-08-14 10:36:00,2026-08-14 10:46:00,CELL_008_2,SITE_008,HIGH_TEMPERATURE,MINOR,CLEARED
ALM_000700,2026-08-14 10:57:00,2026-08-14 11:12:00,CELL_025_3,SITE_025,HIGH_TEMPERATURE,MINOR,CLEARED
ALM_000044,2026-08-14 12:50:00,2026-08-14 13:00:00,CELL_002_3,SITE_002,TRANSPORT_LINK_FLAP,WARNING,CLEARED
ALM_000068,2026-08-14 14:25:00,2026-08-14 14:30:00,CELL_003_3,SITE_003,HIGH_TEMPERATURE,MINOR,CLEARED
ALM_000293,2026-08-14 14:29:00,2026-08-14 16:29:00,CELL_011_3,SITE_011,POWER_SUPPLY_WARNING,WARNING,CLEARED
ALM_000920,2026-08-14 14:54:00,2026-08-14 15:09:00,CELL_034_2,SITE_034,MINOR_VSWR_WARNING,MINOR,CLEARED
ALM_000200,2026-08-14 16:53:00,2026-08-14 17:23:00,CELL_008_1,SITE_008,MINOR_VSWR_WARNING,MINOR,CLEARED
ALM_000006,2026-08-14 17:36:00,2026-08-14 17:51:00,CELL_001_1,SITE_001,TRANSPORT_LINK_FLAP,WARNING,CLEARED
ALM_001018,2026-08-14 17:59:00,2026-08-14 18:59:00,CELL_037_3,SITE_037,MINOR_VSWR_WARNING,MINOR,CLEARED
ALM_000128,2026-08-14 18:01:00,2026-08-14 20:01:00,CELL_006_1,SITE_006,HIGH_TEMPERATURE,MINOR,CLEARED
ALM_000633,2026-08-14 19:34:00,2026-08-14 19:39:00,CELL_023_2,SITE_023,SYNCHRONIZATION_WARNING,MINOR,CLEARED
ALM_000726,2026-08-14 19:56:00,2026-08-14 20:01:00,CELL_027_2,SITE_027,MINOR_VSWR_WARNING,MINOR,CLEARED
ALM_001042,2026-08-14 20:38:00,2026-08-14 21:08:00,CELL_038_3,SITE_038,POWER_SUPPLY_WARNING,WARNING,CLEARED
ALM_000383,2026-08-14 20:48:00,2026-08-14 20:58:00,CELL_014_3,SITE_014,MINOR_VSWR_WARNING,MINOR,CLEARED
ALM_000792,2026-08-14 20:56:00,2026-08-14 21:06:00,CELL_030_2,SITE_030,MINOR_VSWR_WARNING,MINOR,CLEARED
ALM_000821,2026-08-14 21:03:00,2026-08-14 21:18:00,CELL_031_2,SITE_031,POWER_SUPPLY_WARNING,WARNING,CLEARED
ALM_000181,2026-08-14 22:21:00,2026-08-14 22:31:00,CELL_007_3,SITE_007,POWER_SUPPLY_WARNING,WARNING,CLEARED
ALM_000012,2026-08-14 23:07:00,2026-08-15 01:07:00,CELL_001_2,SITE_001,HIGH_TEMPERATURE,MINOR,CLEARED
ALM_000943,2026-08-15 00:10:00,2026-08-15 00:25:00,CELL_035_2,SITE_035,MINOR_VSWR_WARNING,MINOR,CLEARED
ALM_000053,2026-08-15 00:48:00,2026-08-15 01:18:00,CELL_003_1,SITE_003,MINOR_VSWR_WARNING,MINOR,CLEARED
ALM_000897,2026-08-15 02:04:00,2026-08-15 04:04:00,CELL_033_3,SITE_033,TRANSPORT_LINK_FLAP,WARNING,CLEARED
ALM_000629,2026-08-15 02:13:00,2026-08-15 02:28:00,CELL_023_2,SITE_023,POWER_SUPPLY_WARNING,WARNING,CLEARED
ALM_000104,2026-08-15 03:49:00,2026-08-15 05:49:00,CELL_005_1,SITE_005,MINOR_VSWR_WARNING,MINOR,CLEARED
ALM_000659,2026-08-15 04:19:00,2026-08-15 04:49:00,CELL_024_2,SITE_024,HIGH_TEMPERATURE,MINOR,CLEARED
ALM_000179,2026-08-15 04:53:00,2026-08-15 05:03:00,CELL_007_3,SITE_007,TRANSPORT_LINK_FLAP,WARNING,CLEARED
ALM_001080,2026-08-15 05:19:00,2026-08-15 06:19:00,CELL_040_1,SITE_040,POWER_SUPPLY_WARNING,WARNING,CLEARED
ALM_000316,2026-08-15 05:30:00,2026-08-15 06:30:00,CELL_012_3,SITE_012,HIGH_TEMPERATURE,MINOR,CLEARED
ALM_000867,2026-08-15 05:46:00,2026-08-15 06:16:00,CELL_032_3,SITE_032,HIGH_TEMPERATURE,MINOR,CLEARED
ALM_000401,2026-08-15 06:06:00,2026-08-15 06:16:00,CELL_015_2,SITE_015,MINOR_VSWR_WARNING,MINOR,CLEARED
ALM_000294,2026-08-15 06:52:00,2026-08-15 08:52:00,CELL_011_3,SITE_011,POWER_SUPPLY_WARNING,WARNING,CLEARED
ALM_001109,2026-08-15 07:10:00,2026-08-15 08:00:00,CELL_026_1,SITE_026,HIGH_RESOURCE_UTILIZATION,MAJOR,CLEARED
ALM_000955,2026-08-15 08:36:00,2026-08-15 09:36:00,CELL_035_3,SITE_035,POWER_SUPPLY_WARNING,WARNING,CLEARED
ALM_001146,2026-08-15 09:10:00,2026-08-15 13:00:00,CELL_013_2,SITE_013,TRANSPORT_PACKET_LOSS,MAJOR,CLEARED
ALM_000164,2026-08-15 09:34:00,2026-08-15 11:34:00,CELL_007_1,SITE_007,SYNCHRONIZATION_WARNING,MINOR,CLEARED
ALM_000930,2026-08-15 09:41:00,2026-08-15 09:56:00,CELL_034_3,SITE_034,POWER_SUPPLY_WARNING,WARNING,CLEARED
ALM_001041,2026-08-15 09:48:00,2026-08-15 10:03:00,CELL_038_3,SITE_038,SYNCHRONIZATION_WARNING,MINOR,CLEARED
ALM_000842,2026-08-15 10:47:00,2026-08-15 10:52:00,CELL_031_3,SITE_031,SYNCHRONIZATION_WARNING,MINOR,CLEARED
ALM_000016,2026-08-15 11:34:00,2026-08-15 12:34:00,CELL_001_2,SITE_001,POWER_SUPPLY_WARNING,WARNING,CLEARED
ALM_000033,2026-08-15 12:07:00,2026-08-15 12:22:00,CELL_002_2,SITE_002,MINOR_VSWR_WARNING,MINOR,CLEARED
ALM_001114,2026-08-15 12:15:00,2026-08-15 15:00:00,CELL_030_3,SITE_030,HIGH_RESOURCE_UTILIZATION,MAJOR,CLEARED
ALM_000020,2026-08-15 12:59:00,2026-08-15 13:09:00,CELL_001_3,SITE_001,TRANSPORT_LINK_FLAP,WARNING,CLEARED
ALM_000652,2026-08-15 14:13:00,2026-08-15 14:18:00,CELL_024_1,SITE_024,SYNCHRONIZATION_WARNING,MINOR,CLEARED
ALM_000249,2026-08-15 14:13:00,2026-08-15 14:23:00,CELL_010_1,SITE_010,HIGH_TEMPERATURE,MINOR,CLEARED
ALM_000705,2026-08-15 14:17:00,2026-08-15 16:17:00,CELL_026_2,SITE_026,SYNCHRONIZATION_WARNING,MINOR,CLEARED
ALM_000330,2026-08-15 16:23:00,2026-08-15 17:23:00,CELL_013_2,SITE_013,SYNCHRONIZATION_WARNING,MINOR,CLEARED
ALM_000671,2026-08-15 16:52:00,2026-08-15 17:02:00,CELL_024_3,SITE_024,TRANSPORT_LINK_FLAP,WARNING,CLEARED
ALM_000884,2026-08-15 17:18:00,2026-08-15 17:48:00,CELL_033_2,SITE_033,HIGH_TEMPERATURE,MINOR,CLEARED
ALM_000001,2026-08-15 17:26:00,2026-08-15 17:31:00,CELL_001_1,SITE_001,SYNCHRONIZATION_WARNING,MINOR,CLEARED
ALM_000740,2026-08-15 18:36:00,2026-08-15 18:51:00,CELL_027_3,SITE_027,POWER_SUPPLY_WARNING,WARNING,CLEARED
ALM_000760,2026-08-15 18:39:00,2026-08-15 19:09:00,CELL_028_3,SITE_028,MINOR_VSWR_WARNING,MINOR,CLEARED
ALM_000864,2026-08-15 18:52:00,2026-08-15 19:22:00,CELL_032_2,SITE_032,HIGH_TEMPERATURE,MINOR,CLEARED
ALM_000596,2026-08-15 19:05:00,2026-08-15 21:05:00,CELL_022_1,SITE_022,TRANSPORT_LINK_FLAP,WARNING,CLEARED
ALM_000623,2026-08-15 19:12:00,2026-08-15 19:42:00,CELL_023_1,SITE_023,TRANSPORT_LINK_FLAP,WARNING,CLEARED
ALM_001029,2026-08-15 19:23:00,2026-08-15 20:23:00,CELL_038_2,SITE_038,HIGH_TEMPERATURE,MINOR,CLEARED
ALM_000567,2026-08-15 19:27:00,2026-08-15 19:42:00,CELL_021_2,SITE_021,MINOR_VSWR_WARNING,MINOR,CLEARED
ALM_001017,2026-08-15 19:56:00,2026-08-15 20:56:00,CELL_037_3,SITE_037,MINOR_VSWR_WARNING,MINOR,CLEARED
ALM_000079,2026-08-15 20:13:00,2026-08-15 20:28:00,CELL_004_1,SITE_004,POWER_SUPPLY_WARNING,WARNING,CLEARED
ALM_000224,2026-08-15 22:59:00,2026-08-15 23:14:00,CELL_009_1,SITE_009,SYNCHRONIZATION_WARNING,MINOR,CLEARED
ALM_000661,2026-08-16 00:43:00,2026-08-16 00:48:00,CELL_024_2,SITE_024,MINOR_VSWR_WARNING,MINOR,CLEARED
ALM_001010,2026-08-16 00:48:00,2026-08-16 01:03:00,CELL_037_2,SITE_037,SYNCHRONIZATION_WARNING,MINOR,CLEARED
ALM_000913,2026-08-16 01:39:00,2026-08-16 01:44:00,CELL_034_1,SITE_034,TRANSPORT_LINK_FLAP,WARNING,CLEARED
ALM_000957,2026-08-16 02:19:00,2026-08-16 02:34:00,CELL_035_3,SITE_035,POWER_SUPPLY_WARNING,WARNING,CLEARED
ALM_000339,2026-08-16 02:30:00,2026-08-16 02:45:00,CELL_013_3,SITE_013,SYNCHRONIZATION_WARNING,MINOR,CLEARED
ALM_001002,2026-08-16 02:59:00,2026-08-16 03:09:00,CELL_037_1,SITE_037,TRANSPORT_LINK_FLAP,WARNING,CLEARED
ALM_000765,2026-08-16 05:14:00,2026-08-16 05:29:00,CELL_028_3,SITE_028,MINOR_VSWR_WARNING,MINOR,CLEARED
ALM_000134,2026-08-16 07:18:00,2026-08-16 07:33:00,CELL_006_1,SITE_006,MINOR_VSWR_WARNING,MINOR,CLEARED
ALM_000737,2026-08-16 08:39:00,2026-08-16 10:39:00,CELL_027_3,SITE_027,POWER_SUPPLY_WARNING,WARNING,CLEARED
ALM_000095,2026-08-16 09:02:00,2026-08-16 09:17:00,CELL_004_2,SITE_004,MINOR_VSWR_WARNING,MINOR,CLEARED
ALM_000684,2026-08-16 09:38:00,2026-08-16 11:38:00,CELL_025_2,SITE_025,POWER_SUPPLY_WARNING,WARNING,CLEARED
ALM_000994,2026-08-16 09:59:00,2026-08-16 10:59:00,CELL_037_1,SITE_037,POWER_SUPPLY_WARNING,WARNING,CLEARED
ALM_000959,2026-08-16 10:26:00,2026-08-16 10:56:00,CELL_035_3,SITE_035,MINOR_VSWR_WARNING,MINOR,CLEARED
ALM_000530,2026-08-16 11:20:00,2026-08-16 11:25:00,CELL_019_3,SITE_019,TRANSPORT_LINK_FLAP,WARNING,CLEARED
ALM_000263,2026-08-16 12:18:00,2026-08-16 12:33:00,CELL_010_3,SITE_010,HIGH_TEMPERATURE,MINOR,CLEARED
ALM_000946,2026-08-16 12:51:00,2026-08-16 13:21:00,CELL_035_2,SITE_035,TRANSPORT_LINK_FLAP,WARNING,CLEARED
ALM_000269,2026-08-16 12:51:00,2026-08-16 13:06:00,CELL_010_3,SITE_010,MINOR_VSWR_WARNING,MINOR,CLEARED
ALM_001128,2026-08-16 13:15:00,2026-08-16 16:00:00,CELL_007_3,SITE_007,RADIO_QUALITY_DEGRADATION,MAJOR,CLEARED
ALM_000829,2026-08-16 13:19:00,2026-08-16 13:49:00,CELL_031_3,SITE_031,SYNCHRONIZATION_WARNING,MINOR,CLEARED
ALM_001025,2026-08-16 13:46:00,2026-08-16 14:46:00,CELL_038_1,SITE_038,POWER_SUPPLY_WARNING,WARNING,CLEARED
ALM_000464,2026-08-16 14:17:00,2026-08-16 14:47:00,CELL_017_2,SITE_017,SYNCHRONIZATION_WARNING,MINOR,CLEARED
ALM_000186,2026-08-16 14:21:00,2026-08-16 14:51:00,CELL_007_3,SITE_007,SYNCHRONIZATION_WARNING,MINOR,CLEARED
ALM_000290,2026-08-16 14:29:00,2026-08-16 14:44:00,CELL_011_2,SITE_011,HIGH_TEMPERATURE,MINOR,CLEARED
ALM_001142,2026-08-16 15:05:00,2026-08-16 18:00:00,CELL_026_2,SITE_026,TRANSPORT_PACKET_LOSS,MAJOR,CLEARED
ALM_001081,2026-08-16 15:14:00,2026-08-16 16:14:00,CELL_040_1,SITE_040,MINOR_VSWR_WARNING,MINOR,CLEARED
ALM_000591,2026-08-16 15:53:00,2026-08-16 15:58:00,CELL_022_1,SITE_022,TRANSPORT_LINK_FLAP,WARNING,CLEARED
ALM_001112,2026-08-16 16:05:00,2026-08-16 19:00:00,CELL_010_2,SITE_010,HIGH_RESOURCE_UTILIZATION,MAJOR,CLEARED
ALM_000791,2026-08-16 16:18:00,2026-08-16 17:18:00,CELL_030_2,SITE_030,TRANSPORT_LINK_FLAP,WARNING,CLEARED
ALM_000297,2026-08-16 17:09:00,2026-08-16 19:09:00,CELL_011_3,SITE_011,TRANSPORT_LINK_FLAP,WARNING,CLEARED
ALM_000343,2026-08-16 17:55:00,2026-08-16 18:25:00,CELL_013_3,SITE_013,MINOR_VSWR_WARNING,MINOR,CLEARED
ALM_000524,2026-08-16 19:32:00,2026-08-16 19:47:00,CELL_019_3,SITE_019,TRANSPORT_LINK_FLAP,WARNING,CLEARED
ALM_000790,2026-08-16 20:26:00,2026-08-16 20:36:00,CELL_030_1,SITE_030,TRANSPORT_LINK_FLAP,WARNING,CLEARED
ALM_000338,2026-08-16 21:38:00,2026-08-16 21:48:00,CELL_013_2,SITE_013,MINOR_VSWR_WARNING,MINOR,CLEARED
ALM_000940,2026-08-16 21:54:00,2026-08-16 22:54:00,CELL_035_1,SITE_035,TRANSPORT_LINK_FLAP,WARNING,CLEARED
ALM_000990,2026-08-16 22:38:00,2026-08-16 23:38:00,CELL_036_3,SITE_036,POWER_SUPPLY_WARNING,WARNING,CLEARED
ALM_000024,2026-08-16 22:49:00,2026-08-16 23:04:00,CELL_001_3,SITE_001,MINOR_VSWR_WARNING,MINOR,CLEARED
ALM_000739,2026-08-17 00:49:00,2026-08-17 01:04:00,CELL_027_3,SITE_027,HIGH_TEMPERATURE,MINOR,CLEARED
ALM_000439,2026-08-17 01:27:00,2026-08-17 01:42:00,CELL_016_3,SITE_016,HIGH_TEMPERATURE,MINOR,CLEARED
ALM_000539,2026-08-17 01:40:00,2026-08-17 02:40:00,CELL_020_1,SITE_020,HIGH_TEMPERATURE,MINOR,CLEARED
ALM_000152,2026-08-17 04:03:00,2026-08-17 04:13:00,CELL_006_3,SITE_006,SYNCHRONIZATION_WARNING,MINOR,CLEARED
ALM_000824,2026-08-17 04:10:00,2026-08-17 06:10:00,CELL_031_2,SITE_031,TRANSPORT_LINK_FLAP,WARNING,CLEARED
ALM_000551,2026-08-17 04:52:00,2026-08-17 05:02:00,CELL_020_2,SITE_020,POWER_SUPPLY_WARNING,WARNING,CLEARED
ALM_000393,2026-08-17 06:05:00,2026-08-17 06:15:00,CELL_015_2,SITE_015,TRANSPORT_LINK_FLAP,WARNING,CLEARED
ALM_000370,2026-08-17 06:42:00,2026-08-17 07:42:00,CELL_014_2,SITE_014,MINOR_VSWR_WARNING,MINOR,CLEARED
ALM_000208,2026-08-17 06:56:00,2026-08-17 08:56:00,CELL_008_2,SITE_008,SYNCHRONIZATION_WARNING,MINOR,CLEARED
ALM_000333,2026-08-17 07:07:00,2026-08-17 07:12:00,CELL_013_2,SITE_013,POWER_SUPPLY_WARNING,WARNING,CLEARED
ALM_000691,2026-08-17 07:12:00,2026-08-17 09:12:00,CELL_025_2,SITE_025,HIGH_TEMPERATURE,MINOR,CLEARED
ALM_000146,2026-08-17 07:34:00,2026-08-17 08:34:00,CELL_006_2,SITE_006,HIGH_TEMPERATURE,MINOR,CLEARED
ALM_000310,2026-08-17 07:46:00,2026-08-17 08:16:00,CELL_012_2,SITE_012,MINOR_VSWR_WARNING,MINOR,CLEARED
ALM_000405,2026-08-17 07:50:00,2026-08-17 08:05:00,CELL_015_3,SITE_015,HIGH_TEMPERATURE,MINOR,CLEARED
ALM_001048,2026-08-17 08:23:00,2026-08-17 08:28:00,CELL_039_1,SITE_039,POWER_SUPPLY_WARNING,WARNING,CLEARED
ALM_000854,2026-08-17 08:24:00,2026-08-17 08:29:00,CELL_032_1,SITE_032,MINOR_VSWR_WARNING,MINOR,CLEARED
ALM_000403,2026-08-17 08:39:00,2026-08-17 08:49:00,CELL_015_3,SITE_015,TRANSPORT_LINK_FLAP,WARNING,CLEARED
ALM_000517,2026-08-17 08:55:00,2026-08-17 09:05:00,CELL_019_2,SITE_019,MINOR_VSWR_WARNING,MINOR,CLEARED
ALM_000745,2026-08-17 09:13:00,2026-08-17 09:43:00,CELL_028_1,SITE_028,TRANSPORT_LINK_FLAP,WARNING,CLEARED
ALM_000919,2026-08-17 09:25:00,2026-08-17 09:30:00,CELL_034_2,SITE_034,POWER_SUPPLY_WARNING,WARNING,CLEARED
ALM_000813,2026-08-17 09:27:00,2026-08-17 09:32:00,CELL_031_1,SITE_031,TRANSPORT_LINK_FLAP,WARNING,CLEARED
ALM_000220,2026-08-17 09:27:00,2026-08-17 11:27:00,CELL_009_1,SITE_009,TRANSPORT_LINK_FLAP,WARNING,CLEARED
ALM_001055,2026-08-17 09:31:00,2026-08-17 10:01:00,CELL_039_1,SITE_039,HIGH_TEMPERATURE,MINOR,CLEARED
ALM_001168,2026-08-17 10:05:00,2026-08-17 12:00:00,CELL_029_2,SITE_029,HANDOVER_FAILURE_RATE_HIGH,MAJOR,CLEARED
ALM_000722,2026-08-17 10:13:00,2026-08-17 11:13:00,CELL_027_1,SITE_027,MINOR_VSWR_WARNING,MINOR,CLEARED
ALM_001009,2026-08-17 12:59:00,2026-08-17 13:29:00,CELL_037_2,SITE_037,TRANSPORT_LINK_FLAP,WARNING,CLEARED
ALM_000420,2026-08-17 13:26:00,2026-08-17 14:26:00,CELL_016_1,SITE_016,HIGH_TEMPERATURE,MINOR,CLEARED
ALM_000704,2026-08-17 13:40:00,2026-08-17 14:40:00,CELL_026_1,SITE_026,POWER_SUPPLY_WARNING,WARNING,CLEARED
ALM_000436,2026-08-17 15:00:00,2026-08-17 16:00:00,CELL_016_3,SITE_016,HIGH_TEMPERATURE,MINOR,CLEARED
ALM_000416,2026-08-17 15:34:00,2026-08-17 16:04:00,CELL_016_1,SITE_016,SYNCHRONIZATION_WARNING,MINOR,CLEARED
ALM_000571,2026-08-17 15:41:00,2026-08-17 15:51:00,CELL_021_2,SITE_021,TRANSPORT_LINK_FLAP,WARNING,CLEARED
ALM_000701,2026-08-17 16:59:00,2026-08-17 17:29:00,CELL_026_1,SITE_026,POWER_SUPPLY_WARNING,WARNING,CLEARED
ALM_001072,2026-08-17 18:35:00,2026-08-17 18:40:00,CELL_039_3,SITE_039,HIGH_TEMPERATURE,MINOR,CLEARED
ALM_000723,2026-08-17 19:07:00,2026-08-17 21:07:00,CELL_027_1,SITE_027,HIGH_TEMPERATURE,MINOR,CLEARED
ALM_001046,2026-08-17 19:17:00,2026-08-17 20:17:00,CELL_039_1,SITE_039,MINOR_VSWR_WARNING,MINOR,CLEARED
ALM_000495,2026-08-17 20:22:00,2026-08-17 21:22:00,CELL_018_2,SITE_018,SYNCHRONIZATION_WARNING,MINOR,CLEARED
ALM_000507,2026-08-17 21:03:00,2026-08-17 21:08:00,CELL_019_1,SITE_019,SYNCHRONIZATION_WARNING,MINOR,CLEARED
ALM_000965,2026-08-17 21:52:00,2026-08-17 22:22:00,CELL_036_1,SITE_036,SYNCHRONIZATION_WARNING,MINOR,CLEARED
ALM_000573,2026-08-17 22:39:00,2026-08-17 22:54:00,CELL_021_2,SITE_021,HIGH_TEMPERATURE,MINOR,CLEARED
ALM_000226,2026-08-17 23:00:00,2026-08-17 23:15:00,CELL_009_2,SITE_009,MINOR_VSWR_WARNING,MINOR,CLEARED
ALM_000640,2026-08-18 00:07:00,2026-08-18 00:17:00,CELL_023_3,SITE_023,POWER_SUPPLY_WARNING,WARNING,CLEARED
ALM_000131,2026-08-18 00:45:00,2026-08-18 01:45:00,CELL_006_1,SITE_006,POWER_SUPPLY_WARNING,WARNING,CLEARED
ALM_000192,2026-08-18 01:48:00,2026-08-18 03:48:00,CELL_008_1,SITE_008,MINOR_VSWR_WARNING,MINOR,CLEARED
ALM_000029,2026-08-18 01:58:00,2026-08-18 02:03:00,CELL_002_1,SITE_002,POWER_SUPPLY_WARNING,WARNING,CLEARED
ALM_000035,2026-08-18 02:06:00,2026-08-18 02:16:00,CELL_002_2,SITE_002,SYNCHRONIZATION_WARNING,MINOR,CLEARED
ALM_000126,2026-08-18 03:12:00,2026-08-18 03:27:00,CELL_005_3,SITE_005,HIGH_TEMPERATURE,MINOR,CLEARED
ALM_000533,2026-08-18 03:52:00,2026-08-18 04:52:00,CELL_019_3,SITE_019,HIGH_TEMPERATURE,MINOR,CLEARED
ALM_000466,2026-08-18 05:06:00,2026-08-18 05:36:00,CELL_017_2,SITE_017,SYNCHRONIZATION_WARNING,MINOR,CLEARED
ALM_000643,2026-08-18 05:16:00,2026-08-18 05:26:00,CELL_023_3,SITE_023,HIGH_TEMPERATURE,MINOR,CLEARED
ALM_000892,2026-08-18 05:37:00,2026-08-18 06:37:00,CELL_033_2,SITE_033,SYNCHRONIZATION_WARNING,MINOR,CLEARED
ALM_000028,2026-08-18 05:39:00,2026-08-18 05:54:00,CELL_002_1,SITE_002,HIGH_TEMPERATURE,MINOR,CLEARED
ALM_001033,2026-08-18 05:52:00,2026-08-18 06:07:00,CELL_038_2,SITE_038,POWER_SUPPLY_WARNING,WARNING,CLEARED
ALM_000921,2026-08-18 05:54:00,2026-08-18 05:59:00,CELL_034_2,SITE_034,TRANSPORT_LINK_FLAP,WARNING,CLEARED
ALM_000566,2026-08-18 06:26:00,2026-08-18 07:26:00,CELL_021_1,SITE_021,SYNCHRONIZATION_WARNING,MINOR,CLEARED
ALM_000234,2026-08-18 06:47:00,2026-08-18 07:02:00,CELL_009_2,SITE_009,POWER_SUPPLY_WARNING,WARNING,CLEARED
ALM_000197,2026-08-18 07:20:00,2026-08-18 07:25:00,CELL_008_1,SITE_008,HIGH_TEMPERATURE,MINOR,CLEARED
ALM_000305,2026-08-18 08:00:00,2026-08-18 08:10:00,CELL_012_1,SITE_012,MINOR_VSWR_WARNING,MINOR,CLEARED
ALM_000578,2026-08-18 08:01:00,2026-08-18 08:11:00,CELL_021_3,SITE_021,HIGH_TEMPERATURE,MINOR,CLEARED
ALM_000346,2026-08-18 08:33:00,2026-08-18 08:38:00,CELL_013_3,SITE_013,TRANSPORT_LINK_FLAP,WARNING,CLEARED
ALM_000057,2026-08-18 08:38:00,2026-08-18 08:53:00,CELL_003_2,SITE_003,TRANSPORT_LINK_FLAP,WARNING,CLEARED
ALM_000764,2026-08-18 08:45:00,2026-08-18 08:50:00,CELL_028_3,SITE_028,POWER_SUPPLY_WARNING,WARNING,CLEARED
ALM_000665,2026-08-18 08:47:00,2026-08-18 08:52:00,CELL_024_2,SITE_024,TRANSPORT_LINK_FLAP,WARNING,CLEARED
ALM_000315,2026-08-18 08:47:00,2026-08-18 09:17:00,CELL_012_2,SITE_012,MINOR_VSWR_WARNING,MINOR,CLEARED
ALM_001167,2026-08-18 10:00:00,2026-08-18 13:00:00,CELL_004_1,SITE_004,HANDOVER_FAILURE_RATE_HIGH,MAJOR,CLEARED
ALM_001051,2026-08-18 10:06:00,2026-08-18 10:36:00,CELL_039_1,SITE_039,TRANSPORT_LINK_FLAP,WARNING,CLEARED
ALM_000173,2026-08-18 10:41:00,2026-08-18 10:46:00,CELL_007_2,SITE_007,HIGH_TEMPERATURE,MINOR,CLEARED
ALM_000180,2026-08-18 10:56:00,2026-08-18 11:56:00,CELL_007_3,SITE_007,MINOR_VSWR_WARNING,MINOR,CLEARED
ALM_001022,2026-08-18 11:13:00,2026-08-18 11:18:00,CELL_037_3,SITE_037,HIGH_TEMPERATURE,MINOR,CLEARED
ALM_000288,2026-08-18 12:09:00,2026-08-18 12:39:00,CELL_011_2,SITE_011,POWER_SUPPLY_WARNING,WARNING,CLEARED
ALM_001065,2026-08-18 12:12:00,2026-08-18 12:27:00,CELL_039_2,SITE_039,HIGH_TEMPERATURE,MINOR,CLEARED
ALM_001161,2026-08-18 14:00:00,2026-08-18 15:00:00,CELL_019_3,SITE_019,HANDOVER_FAILURE_RATE_HIGH,MAJOR,CLEARED
ALM_000065,2026-08-18 14:49:00,2026-08-18 15:49:00,CELL_003_2,SITE_003,MINOR_VSWR_WARNING,MINOR,CLEARED
ALM_000827,2026-08-18 14:53:00,2026-08-18 14:58:00,CELL_031_2,SITE_031,TRANSPORT_LINK_FLAP,WARNING,CLEARED
ALM_000056,2026-08-18 15:16:00,2026-08-18 15:26:00,CELL_003_2,SITE_003,POWER_SUPPLY_WARNING,WARNING,CLEARED
ALM_000364,2026-08-18 15:50:00,2026-08-18 16:20:00,CELL_014_2,SITE_014,HIGH_TEMPERATURE,MINOR,CLEARED
ALM_000142,2026-08-18 16:05:00,2026-08-18 18:05:00,CELL_006_2,SITE_006,HIGH_TEMPERATURE,MINOR,CLEARED
ALM_000812,2026-08-18 16:30:00,2026-08-18 18:30:00,CELL_030_3,SITE_030,MINOR_VSWR_WARNING,MINOR,CLEARED
ALM_000313,2026-08-18 16:46:00,2026-08-18 16:56:00,CELL_012_2,SITE_012,POWER_SUPPLY_WARNING,WARNING,CLEARED
ALM_000366,2026-08-18 17:26:00,2026-08-18 19:26:00,CELL_014_2,SITE_014,MINOR_VSWR_WARNING,MINOR,CLEARED
ALM_000961,2026-08-18 17:30:00,2026-08-18 17:40:00,CELL_035_3,SITE_035,POWER_SUPPLY_WARNING,WARNING,CLEARED
ALM_001039,2026-08-18 17:57:00,2026-08-18 18:57:00,CELL_038_3,SITE_038,TRANSPORT_LINK_FLAP,WARNING,CLEARED
ALM_000376,2026-08-18 19:04:00,2026-08-18 20:04:00,CELL_014_2,SITE_014,SYNCHRONIZATION_WARNING,MINOR,CLEARED
ALM_001158,2026-08-18 20:10:00,2026-08-19 00:00:00,CELL_012_1,SITE_012,CELL_UNAVAILABLE,CRITICAL,CLEARED
ALM_000275,2026-08-18 21:08:00,2026-08-18 21:18:00,CELL_011_1,SITE_011,MINOR_VSWR_WARNING,MINOR,CLEARED
ALM_000822,2026-08-18 21:41:00,2026-08-18 23:41:00,CELL_031_2,SITE_031,HIGH_TEMPERATURE,MINOR,CLEARED
ALM_000562,2026-08-18 22:02:00,2026-08-19 00:02:00,CELL_021_1,SITE_021,TRANSPORT_LINK_FLAP,WARNING,CLEARED
ALM_000746,2026-08-19 01:43:00,2026-08-19 01:48:00,CELL_028_1,SITE_028,HIGH_TEMPERATURE,MINOR,CLEARED
ALM_000558,2026-08-19 02:35:00,2026-08-19 02:45:00,CELL_020_3,SITE_020,TRANSPORT_LINK_FLAP,WARNING,CLEARED
ALM_000876,2026-08-19 02:45:00,2026-08-19 03:00:00,CELL_032_3,SITE_032,HIGH_TEMPERATURE,MINOR,CLEARED
ALM_000585,2026-08-19 03:09:00,2026-08-19 03:14:00,CELL_021_3,SITE_021,MINOR_VSWR_WARNING,MINOR,CLEARED
ALM_000542,2026-08-19 03:44:00,2026-08-19 05:44:00,CELL_020_1,SITE_020,MINOR_VSWR_WARNING,MINOR,CLEARED
ALM_000519,2026-08-19 04:17:00,2026-08-19 04:32:00,CELL_019_2,SITE_019,TRANSPORT_LINK_FLAP,WARNING,CLEARED
ALM_000501,2026-08-19 05:31:00,2026-08-19 05:46:00,CELL_018_3,SITE_018,POWER_SUPPLY_WARNING,WARNING,CLEARED
ALM_000509,2026-08-19 05:36:00,2026-08-19 06:36:00,CELL_019_1,SITE_019,HIGH_TEMPERATURE,MINOR,CLEARED
ALM_001019,2026-08-19 05:47:00,2026-08-19 06:47:00,CELL_037_3,SITE_037,HIGH_TEMPERATURE,MINOR,CLEARED
ALM_000090,2026-08-19 08:09:00,2026-08-19 08:19:00,CELL_004_2,SITE_004,TRANSPORT_LINK_FLAP,WARNING,CLEARED
ALM_000252,2026-08-19 08:29:00,2026-08-19 08:39:00,CELL_010_1,SITE_010,HIGH_TEMPERATURE,MINOR,CLEARED
ALM_000105,2026-08-19 08:36:00,2026-08-19 08:46:00,CELL_005_1,SITE_005,POWER_SUPPLY_WARNING,WARNING,CLEARED
ALM_000172,2026-08-19 08:36:00,2026-08-19 09:06:00,CELL_007_2,SITE_007,HIGH_TEMPERATURE,MINOR,CLEARED
ALM_000526,2026-08-19 09:13:00,2026-08-19 10:13:00,CELL_019_3,SITE_019,HIGH_TEMPERATURE,MINOR,CLEARED
ALM_000138,2026-08-19 09:22:00,2026-08-19 11:22:00,CELL_006_2,SITE_006,POWER_SUPPLY_WARNING,WARNING,CLEARED
ALM_000520,2026-08-19 10:51:00,2026-08-19 11:51:00,CELL_019_2,SITE_019,HIGH_TEMPERATURE,MINOR,CLEARED
ALM_001031,2026-08-19 11:14:00,2026-08-19 11:19:00,CELL_038_2,SITE_038,TRANSPORT_LINK_FLAP,WARNING,CLEARED
ALM_001120,2026-08-19 11:15:00,2026-08-19 14:00:00,CELL_004_2,SITE_004,HIGH_RESOURCE_UTILIZATION,MAJOR,CLEARED
ALM_000101,2026-08-19 12:44:00,2026-08-19 14:44:00,CELL_004_3,SITE_004,SYNCHRONIZATION_WARNING,MINOR,CLEARED
ALM_000860,2026-08-19 14:17:00,2026-08-19 14:22:00,CELL_032_2,SITE_032,MINOR_VSWR_WARNING,MINOR,CLEARED
ALM_000488,2026-08-19 14:34:00,2026-08-19 14:49:00,CELL_018_1,SITE_018,TRANSPORT_LINK_FLAP,WARNING,CLEARED
ALM_000461,2026-08-19 16:40:00,2026-08-19 17:40:00,CELL_017_2,SITE_017,SYNCHRONIZATION_WARNING,MINOR,CLEARED
ALM_000846,2026-08-19 17:11:00,2026-08-19 17:26:00,CELL_032_1,SITE_032,HIGH_TEMPERATURE,MINOR,CLEARED
ALM_000237,2026-08-19 17:13:00,2026-08-19 17:43:00,CELL_009_3,SITE_009,MINOR_VSWR_WARNING,MINOR,CLEARED
ALM_000632,2026-08-19 18:14:00,2026-08-19 18:29:00,CELL_023_2,SITE_023,TRANSPORT_LINK_FLAP,WARNING,CLEARED
ALM_001156,2026-08-19 19:05:00,2026-08-19 21:00:00,CELL_033_2,SITE_033,CELL_UNAVAILABLE,CRITICAL,CLEARED
ALM_001159,2026-08-19 19:05:00,2026-08-19 21:00:00,CELL_010_1,SITE_010,HANDOVER_FAILURE_RATE_HIGH,MAJOR,CLEARED
ALM_000861,2026-08-19 19:09:00,2026-08-19 19:19:00,CELL_032_2,SITE_032,TRANSPORT_LINK_FLAP,WARNING,CLEARED
ALM_001144,2026-08-19 19:10:00,2026-08-19 22:00:00,CELL_030_1,SITE_030,TRANSPORT_PACKET_LOSS,MAJOR,CLEARED
ALM_000789,2026-08-19 19:44:00,2026-08-19 20:14:00,CELL_030_1,SITE_030,MINOR_VSWR_WARNING,MINOR,CLEARED
ALM_000925,2026-08-19 19:56:00,2026-08-19 20:56:00,CELL_034_3,SITE_034,POWER_SUPPLY_WARNING,WARNING,CLEARED
ALM_000953,2026-08-19 20:08:00,2026-08-19 22:08:00,CELL_035_3,SITE_035,HIGH_TEMPERATURE,MINOR,CLEARED
ALM_000609,2026-08-19 20:11:00,2026-08-19 20:21:00,CELL_022_2,SITE_022,HIGH_TEMPERATURE,MINOR,CLEARED
ALM_000939,2026-08-19 20:14:00,2026-08-19 20:19:00,CELL_035_1,SITE_035,HIGH_TEMPERATURE,MINOR,CLEARED
ALM_000447,2026-08-19 20:52:00,2026-08-19 21:07:00,CELL_017_1,SITE_017,SYNCHRONIZATION_WARNING,MINOR,CLEARED
ALM_000766,2026-08-19 22:57:00,2026-08-19 23:02:00,CELL_028_3,SITE_028,HIGH_TEMPERATURE,MINOR,CLEARED
ALM_000099,2026-08-19 23:13:00,2026-08-20 00:13:00,CELL_004_3,SITE_004,TRANSPORT_LINK_FLAP,WARNING,CLEARED
ALM_000833,2026-08-19 23:50:00,2026-08-20 00:00:00,CELL_031_3,SITE_031,SYNCHRONIZATION_WARNING,MINOR,CLEARED
ALM_000302,2026-08-19 23:59:00,2026-08-20 01:59:00,CELL_011_3,SITE_011,POWER_SUPPLY_WARNING,WARNING,CLEARED
ALM_000203,2026-08-20 01:28:00,2026-08-20 01:33:00,CELL_008_2,SITE_008,SYNCHRONIZATION_WARNING,MINOR,CLEARED
ALM_000153,2026-08-20 03:16:00,2026-08-20 03:31:00,CELL_006_3,SITE_006,TRANSPORT_LINK_FLAP,WARNING,CLEARED
ALM_000476,2026-08-20 03:29:00,2026-08-20 03:44:00,CELL_017_3,SITE_017,POWER_SUPPLY_WARNING,WARNING,CLEARED
ALM_001084,2026-08-20 03:51:00,2026-08-20 04:06:00,CELL_040_1,SITE_040,TRANSPORT_LINK_FLAP,WARNING,CLEARED
ALM_000601,2026-08-20 04:44:00,2026-08-20 06:44:00,CELL_022_2,SITE_022,TRANSPORT_LINK_FLAP,WARNING,CLEARED
ALM_000560,2026-08-20 06:13:00,2026-08-20 06:43:00,CELL_021_1,SITE_021,POWER_SUPPLY_WARNING,WARNING,CLEARED
ALM_000074,2026-08-20 06:26:00,2026-08-20 06:31:00,CELL_003_3,SITE_003,MINOR_VSWR_WARNING,MINOR,CLEARED
ALM_000491,2026-08-20 06:38:00,2026-08-20 07:38:00,CELL_018_2,SITE_018,POWER_SUPPLY_WARNING,WARNING,CLEARED
ALM_000572,2026-08-20 07:03:00,2026-08-20 07:13:00,CELL_021_2,SITE_021,HIGH_TEMPERATURE,MINOR,CLEARED
ALM_001064,2026-08-20 07:15:00,2026-08-20 08:15:00,CELL_039_2,SITE_039,POWER_SUPPLY_WARNING,WARNING,CLEARED
ALM_000356,2026-08-20 07:20:00,2026-08-20 07:25:00,CELL_014_1,SITE_014,SYNCHRONIZATION_WARNING,MINOR,CLEARED
ALM_000221,2026-08-20 09:18:00,2026-08-20 11:18:00,CELL_009_1,SITE_009,TRANSPORT_LINK_FLAP,WARNING,CLEARED
ALM_000865,2026-08-20 11:00:00,2026-08-20 11:30:00,CELL_032_3,SITE_032,SYNCHRONIZATION_WARNING,MINOR,CLEARED
ALM_000048,2026-08-20 11:03:00,2026-08-20 11:08:00,CELL_003_1,SITE_003,MINOR_VSWR_WARNING,MINOR,CLEARED
ALM_000400,2026-08-20 11:49:00,2026-08-20 11:59:00,CELL_015_2,SITE_015,TRANSPORT_LINK_FLAP,WARNING,CLEARED
ALM_001137,2026-08-20 13:10:00,2026-08-20 17:00:00,CELL_032_3,SITE_032,RADIO_QUALITY_DEGRADATION,MAJOR,CLEARED
ALM_000638,2026-08-20 14:09:00,2026-08-20 14:24:00,CELL_023_2,SITE_023,MINOR_VSWR_WARNING,MINOR,CLEARED
ALM_001024,2026-08-20 14:55:00,2026-08-20 15:25:00,CELL_038_1,SITE_038,POWER_SUPPLY_WARNING,WARNING,CLEARED
ALM_001163,2026-08-20 15:00:00,2026-08-20 17:00:00,CELL_001_3,SITE_001,HANDOVER_FAILURE_RATE_HIGH,MAJOR,CLEARED
ALM_000776,2026-08-20 15:47:00,2026-08-20 16:02:00,CELL_029_2,SITE_029,SYNCHRONIZATION_WARNING,MINOR,CLEARED
ALM_000365,2026-08-20 16:58:00,2026-08-20 17:13:00,CELL_014_2,SITE_014,HIGH_TEMPERATURE,MINOR,CLEARED
ALM_000185,2026-08-20 17:40:00,2026-08-20 19:40:00,CELL_007_3,SITE_007,TRANSPORT_LINK_FLAP,WARNING,CLEARED
ALM_000628,2026-08-20 19:06:00,2026-08-20 20:06:00,CELL_023_2,SITE_023,POWER_SUPPLY_WARNING,WARNING,CLEARED
ALM_001052,2026-08-20 19:20:00,2026-08-20 20:20:00,CELL_039_1,SITE_039,HIGH_TEMPERATURE,MINOR,CLEARED
ALM_001133,2026-08-20 21:15:00,2026-08-21 00:00:00,CELL_039_3,SITE_039,RADIO_QUALITY_DEGRADATION,MAJOR,CLEARED
ALM_000693,2026-08-20 21:52:00,2026-08-20 22:52:00,CELL_025_2,SITE_025,HIGH_TEMPERATURE,MINOR,CLEARED
ALM_000373,2026-08-20 22:03:00,2026-08-20 22:33:00,CELL_014_2,SITE_014,TRANSPORT_LINK_FLAP,WARNING,CLEARED
ALM_000233,2026-08-20 22:35:00,2026-08-20 22:45:00,CELL_009_2,SITE_009,POWER_SUPPLY_WARNING,WARNING,CLEARED
ALM_000026,2026-08-20 22:39:00,2026-08-21 00:39:00,CELL_002_1,SITE_002,HIGH_TEMPERATURE,MINOR,CLEARED
ALM_000689,2026-08-20 23:11:00,2026-08-21 01:11:00,CELL_025_2,SITE_025,TRANSPORT_LINK_FLAP,WARNING,CLEARED
ALM_000512,2026-08-20 23:28:00,2026-08-20 23:33:00,CELL_019_1,SITE_019,HIGH_TEMPERATURE,MINOR,CLEARED
ALM_000863,2026-08-20 23:48:00,2026-08-21 00:48:00,CELL_032_2,SITE_032,SYNCHRONIZATION_WARNING,MINOR,CLEARED
ALM_000059,2026-08-21 00:18:00,2026-08-21 00:48:00,CELL_003_2,SITE_003,TRANSPORT_LINK_FLAP,WARNING,CLEARED
ALM_000985,2026-08-21 01:48:00,2026-08-21 03:48:00,CELL_036_3,SITE_036,TRANSPORT_LINK_FLAP,WARNING,CLEARED
ALM_000631,2026-08-21 02:37:00,2026-08-21 02:52:00,CELL_023_2,SITE_023,MINOR_VSWR_WARNING,MINOR,CLEARED
ALM_000098,2026-08-21 03:59:00,2026-08-21 04:14:00,CELL_004_3,SITE_004,TRANSPORT_LINK_FLAP,WARNING,CLEARED
ALM_000620,2026-08-21 04:02:00,2026-08-21 06:02:00,CELL_023_1,SITE_023,TRANSPORT_LINK_FLAP,WARNING,CLEARED
ALM_000969,2026-08-21 04:43:00,2026-08-21 05:43:00,CELL_036_1,SITE_036,MINOR_VSWR_WARNING,MINOR,CLEARED
ALM_000625,2026-08-21 05:53:00,2026-08-21 06:03:00,CELL_023_1,SITE_023,POWER_SUPPLY_WARNING,WARNING,CLEARED
ALM_001030,2026-08-21 06:17:00,2026-08-21 06:27:00,CELL_038_2,SITE_038,MINOR_VSWR_WARNING,MINOR,CLEARED
ALM_000774,2026-08-21 06:43:00,2026-08-21 07:43:00,CELL_029_2,SITE_029,HIGH_TEMPERATURE,MINOR,CLEARED
ALM_000058,2026-08-21 06:54:00,2026-08-21 06:59:00,CELL_003_2,SITE_003,SYNCHRONIZATION_WARNING,MINOR,CLEARED
ALM_000022,2026-08-21 07:50:00,2026-08-21 07:55:00,CELL_001_3,SITE_001,TRANSPORT_LINK_FLAP,WARNING,CLEARED
ALM_000255,2026-08-21 08:19:00,2026-08-21 08:34:00,CELL_010_2,SITE_010,HIGH_TEMPERATURE,MINOR,CLEARED
ALM_001040,2026-08-21 08:25:00,2026-08-21 08:35:00,CELL_038_3,SITE_038,POWER_SUPPLY_WARNING,WARNING,CLEARED
ALM_000254,2026-08-21 09:26:00,2026-08-21 09:31:00,CELL_010_2,SITE_010,POWER_SUPPLY_WARNING,WARNING,CLEARED
ALM_000459,2026-08-21 10:38:00,2026-08-21 11:38:00,CELL_017_2,SITE_017,SYNCHRONIZATION_WARNING,MINOR,CLEARED
ALM_000889,2026-08-21 10:51:00,2026-08-21 12:51:00,CELL_033_2,SITE_033,MINOR_VSWR_WARNING,MINOR,CLEARED
ALM_000588,2026-08-21 11:21:00,2026-08-21 13:21:00,CELL_021_3,SITE_021,MINOR_VSWR_WARNING,MINOR,CLEARED
ALM_000168,2026-08-21 13:45:00,2026-08-21 14:00:00,CELL_007_2,SITE_007,MINOR_VSWR_WARNING,MINOR,CLEARED
ALM_000267,2026-08-21 14:17:00,2026-08-21 14:22:00,CELL_010_3,SITE_010,TRANSPORT_LINK_FLAP,WARNING,CLEARED
ALM_001038,2026-08-21 14:46:00,2026-08-21 15:46:00,CELL_038_3,SITE_038,SYNCHRONIZATION_WARNING,MINOR,CLEARED
ALM_000905,2026-08-21 15:36:00,2026-08-21 16:06:00,CELL_033_3,SITE_033,HIGH_TEMPERATURE,MINOR,CLEARED
ALM_000918,2026-08-21 17:21:00,2026-08-21 19:21:00,CELL_034_2,SITE_034,SYNCHRONIZATION_WARNING,MINOR,CLEARED
ALM_000183,2026-08-21 17:59:00,2026-08-21 19:59:00,CELL_007_3,SITE_007,TRANSPORT_LINK_FLAP,WARNING,CLEARED
ALM_000228,2026-08-21 18:39:00,2026-08-21 18:54:00,CELL_009_2,SITE_009,HIGH_TEMPERATURE,MINOR,CLEARED
ALM_000627,2026-08-21 18:40:00,2026-08-21 20:40:00,CELL_023_2,SITE_023,POWER_SUPPLY_WARNING,WARNING,CLEARED
ALM_000217,2026-08-21 18:53:00,2026-08-21 19:08:00,CELL_008_3,SITE_008,SYNCHRONIZATION_WARNING,MINOR,CLEARED
ALM_000871,2026-08-21 19:03:00,2026-08-21 19:08:00,CELL_032_3,SITE_032,HIGH_TEMPERATURE,MINOR,CLEARED
ALM_000563,2026-08-21 19:22:00,2026-08-21 19:27:00,CELL_021_1,SITE_021,SYNCHRONIZATION_WARNING,MINOR,CLEARED
ALM_000819,2026-08-21 20:14:00,2026-08-21 21:14:00,CELL_031_1,SITE_031,POWER_SUPPLY_WARNING,WARNING,CLEARED
ALM_000080,2026-08-21 20:25:00,2026-08-21 20:30:00,CELL_004_1,SITE_004,POWER_SUPPLY_WARNING,WARNING,CLEARED
ALM_000734,2026-08-21 21:02:00,2026-08-21 23:02:00,CELL_027_3,SITE_027,TRANSPORT_LINK_FLAP,WARNING,CLEARED
ALM_000253,2026-08-21 21:27:00,2026-08-21 21:57:00,CELL_010_1,SITE_010,MINOR_VSWR_WARNING,MINOR,CLEARED
ALM_000975,2026-08-21 21:45:00,2026-08-21 22:15:00,CELL_036_2,SITE_036,MINOR_VSWR_WARNING,MINOR,CLEARED
ALM_000564,2026-08-21 22:31:00,2026-08-21 22:46:00,CELL_021_1,SITE_021,POWER_SUPPLY_WARNING,WARNING,CLEARED
ALM_000754,2026-08-21 22:50:00,2026-08-21 23:05:00,CELL_028_2,SITE_028,MINOR_VSWR_WARNING,MINOR,CLEARED
ALM_000535,2026-08-21 23:13:00,2026-08-22 00:13:00,CELL_020_1,SITE_020,HIGH_TEMPERATURE,MINOR,CLEARED
ALM_000389,2026-08-21 23:49:00,2026-08-22 01:49:00,CELL_015_1,SITE_015,POWER_SUPPLY_WARNING,WARNING,CLEARED
ALM_000877,2026-08-21 23:54:00,2026-08-22 00:04:00,CELL_032_3,SITE_032,TRANSPORT_LINK_FLAP,WARNING,CLEARED
ALM_000660,2026-08-22 02:28:00,2026-08-22 04:28:00,CELL_024_2,SITE_024,TRANSPORT_LINK_FLAP,WARNING,CLEARED
ALM_000155,2026-08-22 02:33:00,2026-08-22 02:38:00,CELL_006_3,SITE_006,TRANSPORT_LINK_FLAP,WARNING,CLEARED
ALM_000218,2026-08-22 03:06:00,2026-08-22 03:11:00,CELL_008_3,SITE_008,TRANSPORT_LINK_FLAP,WARNING,CLEARED
ALM_001165,2026-08-22 07:00:00,2026-08-22 09:00:00,CELL_031_1,SITE_031,HANDOVER_FAILURE_RATE_HIGH,MAJOR,CLEARED
ALM_000697,2026-08-22 07:36:00,2026-08-22 07:51:00,CELL_025_3,SITE_025,TRANSPORT_LINK_FLAP,WARNING,CLEARED
ALM_000856,2026-08-22 08:00:00,2026-08-22 10:00:00,CELL_032_1,SITE_032,POWER_SUPPLY_WARNING,WARNING,CLEARED
ALM_001082,2026-08-22 08:07:00,2026-08-22 08:37:00,CELL_040_1,SITE_040,MINOR_VSWR_WARNING,MINOR,CLEARED
ALM_001083,2026-08-22 08:31:00,2026-08-22 09:31:00,CELL_040_1,SITE_040,POWER_SUPPLY_WARNING,WARNING,CLEARED
ALM_000430,2026-08-22 09:00:00,2026-08-22 09:30:00,CELL_016_3,SITE_016,HIGH_TEMPERATURE,MINOR,CLEARED
ALM_001140,2026-08-22 09:15:00,2026-08-22 13:00:00,CELL_007_2,SITE_007,TRANSPORT_PACKET_LOSS,MAJOR,CLEARED
ALM_001127,2026-08-22 09:15:00,2026-08-22 11:00:00,CELL_026_3,SITE_026,RADIO_QUALITY_DEGRADATION,MAJOR,CLEARED
ALM_001007,2026-08-22 09:57:00,2026-08-22 10:07:00,CELL_037_2,SITE_037,HIGH_TEMPERATURE,MINOR,CLEARED
ALM_000996,2026-08-22 10:10:00,2026-08-22 12:10:00,CELL_037_1,SITE_037,MINOR_VSWR_WARNING,MINOR,CLEARED
ALM_000149,2026-08-22 10:13:00,2026-08-22 10:23:00,CELL_006_2,SITE_006,MINOR_VSWR_WARNING,MINOR,CLEARED
ALM_000923,2026-08-22 10:15:00,2026-08-22 10:25:00,CELL_034_2,SITE_034,TRANSPORT_LINK_FLAP,WARNING,CLEARED
ALM_000801,2026-08-22 10:39:00,2026-08-22 10:44:00,CELL_030_2,SITE_030,HIGH_TEMPERATURE,MINOR,CLEARED
ALM_000570,2026-08-22 10:50:00,2026-08-22 11:50:00,CELL_021_2,SITE_021,TRANSPORT_LINK_FLAP,WARNING,CLEARED
ALM_001149,2026-08-22 11:00:00,2026-08-22 13:00:00,CELL_038_1,SITE_038,TRANSPORT_PACKET_LOSS,MAJOR,CLEARED
ALM_000415,2026-08-22 11:39:00,2026-08-22 13:39:00,CELL_016_1,SITE_016,POWER_SUPPLY_WARNING,WARNING,CLEARED
ALM_000158,2026-08-22 11:47:00,2026-08-22 11:57:00,CELL_006_3,SITE_006,MINOR_VSWR_WARNING,MINOR,CLEARED
ALM_001145,2026-08-22 12:05:00,2026-08-22 13:00:00,CELL_033_3,SITE_033,TRANSPORT_PACKET_LOSS,MAJOR,CLEARED
ALM_000670,2026-08-22 12:27:00,2026-08-22 12:57:00,CELL_024_3,SITE_024,SYNCHRONIZATION_WARNING,MINOR,CLEARED
ALM_000266,2026-08-22 12:47:00,2026-08-22 14:47:00,CELL_010_3,SITE_010,POWER_SUPPLY_WARNING,WARNING,CLEARED
ALM_000614,2026-08-22 12:50:00,2026-08-22 13:50:00,CELL_022_3,SITE_022,MINOR_VSWR_WARNING,MINOR,CLEARED
ALM_000858,2026-08-22 13:34:00,2026-08-22 13:44:00,CELL_032_2,SITE_032,HIGH_TEMPERATURE,MINOR,CLEARED
ALM_000122,2026-08-22 13:50:00,2026-08-22 14:00:00,CELL_005_3,SITE_005,MINOR_VSWR_WARNING,MINOR,CLEARED
ALM_001134,2026-08-22 14:10:00,2026-08-22 18:00:00,CELL_010_1,SITE_010,RADIO_QUALITY_DEGRADATION,MAJOR,CLEARED
ALM_001135,2026-08-22 14:10:00,2026-08-22 16:00:00,CELL_038_3,SITE_038,RADIO_QUALITY_DEGRADATION,MAJOR,CLEARED
ALM_001012,2026-08-22 15:11:00,2026-08-22 15:16:00,CELL_037_2,SITE_037,MINOR_VSWR_WARNING,MINOR,CLEARED
ALM_000587,2026-08-22 16:30:00,2026-08-22 18:30:00,CELL_021_3,SITE_021,TRANSPORT_LINK_FLAP,WARNING,CLEARED
ALM_000544,2026-08-22 16:31:00,2026-08-22 16:46:00,CELL_020_1,SITE_020,SYNCHRONIZATION_WARNING,MINOR,CLEARED
ALM_000637,2026-08-22 17:05:00,2026-08-22 17:20:00,CELL_023_2,SITE_023,HIGH_TEMPERATURE,MINOR,CLEARED
ALM_001129,2026-08-22 18:10:00,2026-08-22 20:00:00,CELL_040_2,SITE_040,RADIO_QUALITY_DEGRADATION,MAJOR,CLEARED
ALM_000229,2026-08-22 18:22:00,2026-08-22 18:52:00,CELL_009_2,SITE_009,HIGH_TEMPERATURE,MINOR,CLEARED
ALM_001013,2026-08-22 18:48:00,2026-08-22 19:18:00,CELL_037_2,SITE_037,TRANSPORT_LINK_FLAP,WARNING,CLEARED
ALM_000449,2026-08-22 19:13:00,2026-08-22 19:23:00,CELL_017_1,SITE_017,HIGH_TEMPERATURE,MINOR,CLEARED
ALM_000949,2026-08-22 19:18:00,2026-08-22 19:48:00,CELL_035_2,SITE_035,TRANSPORT_LINK_FLAP,WARNING,CLEARED
ALM_000404,2026-08-22 20:14:00,2026-08-22 20:44:00,CELL_015_3,SITE_015,TRANSPORT_LINK_FLAP,WARNING,CLEARED
ALM_000301,2026-08-22 20:41:00,2026-08-22 21:41:00,CELL_011_3,SITE_011,POWER_SUPPLY_WARNING,WARNING,CLEARED
ALM_000211,2026-08-22 21:00:00,2026-08-22 21:15:00,CELL_008_2,SITE_008,SYNCHRONIZATION_WARNING,MINOR,CLEARED
ALM_000448,2026-08-22 21:56:00,2026-08-22 23:56:00,CELL_017_1,SITE_017,MINOR_VSWR_WARNING,MINOR,CLEARED
ALM_001073,2026-08-22 21:57:00,2026-08-22 23:57:00,CELL_039_3,SITE_039,POWER_SUPPLY_WARNING,WARNING,CLEARED
ALM_000460,2026-08-22 22:06:00,2026-08-22 22:16:00,CELL_017_2,SITE_017,HIGH_TEMPERATURE,MINOR,CLEARED
ALM_000244,2026-08-22 22:23:00,2026-08-22 22:38:00,CELL_010_1,SITE_010,SYNCHRONIZATION_WARNING,MINOR,CLEARED
ALM_000536,2026-08-22 22:26:00,2026-08-22 22:31:00,CELL_020_1,SITE_020,MINOR_VSWR_WARNING,MINOR,CLEARED
ALM_000440,2026-08-22 22:35:00,2026-08-22 23:35:00,CELL_016_3,SITE_016,HIGH_TEMPERATURE,MINOR,CLEARED
ALM_000478,2026-08-22 22:36:00,2026-08-22 23:06:00,CELL_017_3,SITE_017,SYNCHRONIZATION_WARNING,MINOR,CLEARED
ALM_000473,2026-08-22 22:44:00,2026-08-23 00:44:00,CELL_017_3,SITE_017,MINOR_VSWR_WARNING,MINOR,CLEARED
ALM_000970,2026-08-22 23:11:00,2026-08-23 00:11:00,CELL_036_1,SITE_036,MINOR_VSWR_WARNING,MINOR,CLEARED
ALM_000284,2026-08-22 23:29:00,2026-08-23 00:29:00,CELL_011_2,SITE_011,POWER_SUPPLY_WARNING,WARNING,CLEARED
ALM_000805,2026-08-22 23:35:00,2026-08-23 00:35:00,CELL_030_3,SITE_030,POWER_SUPPLY_WARNING,WARNING,CLEARED
ALM_000236,2026-08-22 23:39:00,2026-08-23 00:09:00,CELL_009_3,SITE_009,SYNCHRONIZATION_WARNING,MINOR,CLEARED
ALM_000425,2026-08-23 00:06:00,2026-08-23 00:21:00,CELL_016_2,SITE_016,SYNCHRONIZATION_WARNING,MINOR,CLEARED
ALM_000496,2026-08-23 00:23:00,2026-08-23 00:38:00,CELL_018_2,SITE_018,POWER_SUPPLY_WARNING,WARNING,CLEARED
ALM_001100,2026-08-23 01:39:00,2026-08-23 01:49:00,CELL_040_3,SITE_040,SYNCHRONIZATION_WARNING,MINOR,CLEARED
ALM_000714,2026-08-23 02:09:00,2026-08-23 02:19:00,CELL_026_3,SITE_026,MINOR_VSWR_WARNING,MINOR,CLEARED
ALM_000396,2026-08-23 02:41:00,2026-08-23 03:11:00,CELL_015_2,SITE_015,TRANSPORT_LINK_FLAP,WARNING,CLEARED
ALM_000583,2026-08-23 03:31:00,2026-08-23 03:46:00,CELL_021_3,SITE_021,TRANSPORT_LINK_FLAP,WARNING,CLEARED
ALM_001059,2026-08-23 03:36:00,2026-08-23 05:36:00,CELL_039_2,SITE_039,SYNCHRONIZATION_WARNING,MINOR,CLEARED
ALM_000350,2026-08-23 03:43:00,2026-08-23 03:48:00,CELL_014_1,SITE_014,HIGH_TEMPERATURE,MINOR,CLEARED
ALM_000597,2026-08-23 04:28:00,2026-08-23 06:28:00,CELL_022_1,SITE_022,POWER_SUPPLY_WARNING,WARNING,CLEARED
ALM_001011,2026-08-23 04:29:00,2026-08-23 04:34:00,CELL_037_2,SITE_037,HIGH_TEMPERATURE,MINOR,CLEARED
ALM_000687,2026-08-23 04:51:00,2026-08-23 05:01:00,CELL_025_2,SITE_025,SYNCHRONIZATION_WARNING,MINOR,CLEARED
ALM_000761,2026-08-23 05:19:00,2026-08-23 07:19:00,CELL_028_3,SITE_028,SYNCHRONIZATION_WARNING,MINOR,CLEARED
ALM_000113,2026-08-23 05:53:00,2026-08-23 06:53:00,CELL_005_2,SITE_005,TRANSPORT_LINK_FLAP,WARNING,CLEARED
ALM_000054,2026-08-23 06:13:00,2026-08-23 08:13:00,CELL_003_1,SITE_003,HIGH_TEMPERATURE,MINOR,CLEARED
ALM_000170,2026-08-23 06:44:00,2026-08-23 06:49:00,CELL_007_2,SITE_007,SYNCHRONIZATION_WARNING,MINOR,CLEARED
ALM_000332,2026-08-23 07:48:00,2026-08-23 08:48:00,CELL_013_2,SITE_013,TRANSPORT_LINK_FLAP,WARNING,CLEARED
ALM_000272,2026-08-23 09:51:00,2026-08-23 10:01:00,CELL_011_1,SITE_011,SYNCHRONIZATION_WARNING,MINOR,CLEARED
ALM_000934,2026-08-23 09:56:00,2026-08-23 10:06:00,CELL_035_1,SITE_035,HIGH_TEMPERATURE,MINOR,CLEARED
ALM_001122,2026-08-23 10:10:00,2026-08-23 13:00:00,CELL_002_3,SITE_002,HIGH_RESOURCE_UTILIZATION,MAJOR,CLEARED
ALM_001103,2026-08-23 13:42:00,2026-08-23 14:12:00,CELL_040_3,SITE_040,SYNCHRONIZATION_WARNING,MINOR,CLEARED
ALM_000018,2026-08-23 13:57:00,2026-08-23 14:07:00,CELL_001_2,SITE_001,MINOR_VSWR_WARNING,MINOR,CLEARED
ALM_001157,2026-08-23 14:10:00,2026-08-23 16:00:00,CELL_006_2,SITE_006,CELL_UNAVAILABLE,CRITICAL,CLEARED
ALM_000933,2026-08-23 14:11:00,2026-08-23 15:11:00,CELL_035_1,SITE_035,POWER_SUPPLY_WARNING,WARNING,CLEARED
ALM_000256,2026-08-23 15:15:00,2026-08-23 17:15:00,CELL_010_2,SITE_010,MINOR_VSWR_WARNING,MINOR,CLEARED
ALM_000902,2026-08-23 16:39:00,2026-08-23 17:39:00,CELL_033_3,SITE_033,HIGH_TEMPERATURE,MINOR,CLEARED
ALM_000547,2026-08-23 17:02:00,2026-08-23 19:02:00,CELL_020_2,SITE_020,SYNCHRONIZATION_WARNING,MINOR,CLEARED
ALM_000683,2026-08-23 18:02:00,2026-08-23 18:07:00,CELL_025_1,SITE_025,SYNCHRONIZATION_WARNING,MINOR,CLEARED
ALM_000881,2026-08-23 18:51:00,2026-08-23 18:56:00,CELL_033_1,SITE_033,MINOR_VSWR_WARNING,MINOR,CLEARED
ALM_000781,2026-08-23 20:07:00,2026-08-23 20:37:00,CELL_029_2,SITE_029,HIGH_TEMPERATURE,MINOR,CLEARED
ALM_000441,2026-08-23 20:08:00,2026-08-23 20:18:00,CELL_016_3,SITE_016,MINOR_VSWR_WARNING,MINOR,CLEARED
ALM_000772,2026-08-23 20:45:00,2026-08-23 22:45:00,CELL_029_2,SITE_029,TRANSPORT_LINK_FLAP,WARNING,CLEARED
ALM_000472,2026-08-23 21:46:00,2026-08-23 21:51:00,CELL_017_3,SITE_017,POWER_SUPPLY_WARNING,WARNING,CLEARED
ALM_000775,2026-08-23 23:17:00,2026-08-23 23:22:00,CELL_029_2,SITE_029,POWER_SUPPLY_WARNING,WARNING,CLEARED
ALM_000111,2026-08-23 23:43:00,2026-08-24 00:13:00,CELL_005_2,SITE_005,HIGH_TEMPERATURE,MINOR,CLEARED
ALM_000247,2026-08-24 00:12:00,2026-08-24 00:42:00,CELL_010_1,SITE_010,SYNCHRONIZATION_WARNING,MINOR,CLEARED
ALM_000528,2026-08-24 00:56:00,2026-08-24 01:01:00,CELL_019_3,SITE_019,HIGH_TEMPERATURE,MINOR,CLEARED
ALM_000261,2026-08-24 03:14:00,2026-08-24 04:14:00,CELL_010_2,SITE_010,TRANSPORT_LINK_FLAP,WARNING,CLEARED
ALM_000419,2026-08-24 05:30:00,2026-08-24 05:35:00,CELL_016_1,SITE_016,POWER_SUPPLY_WARNING,WARNING,CLEARED
ALM_000515,2026-08-24 05:39:00,2026-08-24 06:39:00,CELL_019_1,SITE_019,POWER_SUPPLY_WARNING,WARNING,CLEARED
ALM_000463,2026-08-24 05:56:00,2026-08-24 06:11:00,CELL_017_2,SITE_017,POWER_SUPPLY_WARNING,WARNING,CLEARED
ALM_000891,2026-08-24 06:52:00,2026-08-24 07:52:00,CELL_033_2,SITE_033,HIGH_TEMPERATURE,MINOR,CLEARED
ALM_000121,2026-08-24 08:38:00,2026-08-24 08:43:00,CELL_005_3,SITE_005,HIGH_TEMPERATURE,MINOR,CLEARED
ALM_000324,2026-08-24 09:15:00,2026-08-24 09:20:00,CELL_013_1,SITE_013,SYNCHRONIZATION_WARNING,MINOR,CLEARED
ALM_000352,2026-08-24 09:18:00,2026-08-24 09:23:00,CELL_014_1,SITE_014,TRANSPORT_LINK_FLAP,WARNING,CLEARED
ALM_000422,2026-08-24 09:34:00,2026-08-24 09:44:00,CELL_016_2,SITE_016,SYNCHRONIZATION_WARNING,MINOR,CLEARED
ALM_000349,2026-08-24 09:45:00,2026-08-24 10:45:00,CELL_014_1,SITE_014,TRANSPORT_LINK_FLAP,WARNING,CLEARED
ALM_000443,2026-08-24 10:00:00,2026-08-24 12:00:00,CELL_016_3,SITE_016,MINOR_VSWR_WARNING,MINOR,CLEARED
ALM_000103,2026-08-24 10:48:00,2026-08-24 10:58:00,CELL_005_1,SITE_005,MINOR_VSWR_WARNING,MINOR,CLEARED
ALM_000874,2026-08-24 11:44:00,2026-08-24 13:44:00,CELL_032_3,SITE_032,HIGH_TEMPERATURE,MINOR,CLEARED
ALM_000102,2026-08-24 12:09:00,2026-08-24 12:24:00,CELL_005_1,SITE_005,HIGH_TEMPERATURE,MINOR,CLEARED
ALM_000645,2026-08-24 12:16:00,2026-08-24 13:16:00,CELL_024_1,SITE_024,SYNCHRONIZATION_WARNING,MINOR,CLEARED
ALM_000437,2026-08-24 12:20:00,2026-08-24 12:35:00,CELL_016_3,SITE_016,MINOR_VSWR_WARNING,MINOR,CLEARED
ALM_000070,2026-08-24 12:30:00,2026-08-24 13:30:00,CELL_003_3,SITE_003,POWER_SUPPLY_WARNING,WARNING,CLEARED
ALM_000879,2026-08-24 12:40:00,2026-08-24 12:50:00,CELL_033_1,SITE_033,MINOR_VSWR_WARNING,MINOR,CLEARED
ALM_000748,2026-08-24 13:22:00,2026-08-24 13:32:00,CELL_028_1,SITE_028,MINOR_VSWR_WARNING,MINOR,CLEARED
ALM_000521,2026-08-24 13:30:00,2026-08-24 13:35:00,CELL_019_2,SITE_019,SYNCHRONIZATION_WARNING,MINOR,CLEARED
ALM_000429,2026-08-24 13:40:00,2026-08-24 13:55:00,CELL_016_2,SITE_016,SYNCHRONIZATION_WARNING,MINOR,CLEARED
ALM_000872,2026-08-24 14:33:00,2026-08-24 15:33:00,CELL_032_3,SITE_032,SYNCHRONIZATION_WARNING,MINOR,CLEARED
ALM_000242,2026-08-24 14:59:00,2026-08-24 15:59:00,CELL_010_1,SITE_010,TRANSPORT_LINK_FLAP,WARNING,CLEARED
ALM_000727,2026-08-24 15:24:00,2026-08-24 15:29:00,CELL_027_2,SITE_027,SYNCHRONIZATION_WARNING,MINOR,CLEARED
ALM_000486,2026-08-24 15:43:00,2026-08-24 15:48:00,CELL_018_1,SITE_018,MINOR_VSWR_WARNING,MINOR,CLEARED
ALM_000201,2026-08-24 16:18:00,2026-08-24 16:33:00,CELL_008_2,SITE_008,MINOR_VSWR_WARNING,MINOR,CLEARED
ALM_000335,2026-08-24 16:38:00,2026-08-24 16:43:00,CELL_013_2,SITE_013,SYNCHRONIZATION_WARNING,MINOR,CLEARED
ALM_000870,2026-08-24 16:41:00,2026-08-24 16:46:00,CELL_032_3,SITE_032,MINOR_VSWR_WARNING,MINOR,CLEARED
ALM_000831,2026-08-24 16:45:00,2026-08-24 18:45:00,CELL_031_3,SITE_031,HIGH_TEMPERATURE,MINOR,CLEARED
ALM_000954,2026-08-24 17:09:00,2026-08-24 17:24:00,CELL_035_3,SITE_035,MINOR_VSWR_WARNING,MINOR,CLEARED
ALM_000669,2026-08-24 17:13:00,2026-08-24 19:13:00,CELL_024_3,SITE_024,MINOR_VSWR_WARNING,MINOR,CLEARED
ALM_000468,2026-08-24 18:56:00,2026-08-24 19:56:00,CELL_017_2,SITE_017,SYNCHRONIZATION_WARNING,MINOR,CLEARED
ALM_000304,2026-08-24 18:57:00,2026-08-24 19:02:00,CELL_012_1,SITE_012,MINOR_VSWR_WARNING,MINOR,CLEARED
ALM_000804,2026-08-24 19:32:00,2026-08-24 19:47:00,CELL_030_3,SITE_030,POWER_SUPPLY_WARNING,WARNING,CLEARED
ALM_000634,2026-08-24 19:36:00,2026-08-24 19:46:00,CELL_023_2,SITE_023,MINOR_VSWR_WARNING,MINOR,CLEARED
ALM_000972,2026-08-24 19:56:00,2026-08-24 20:11:00,CELL_036_1,SITE_036,HIGH_TEMPERATURE,MINOR,CLEARED
ALM_000869,2026-08-24 21:41:00,2026-08-24 23:41:00,CELL_032_3,SITE_032,POWER_SUPPLY_WARNING,WARNING,CLEARED
ALM_000334,2026-08-24 21:52:00,2026-08-24 22:02:00,CELL_013_2,SITE_013,TRANSPORT_LINK_FLAP,WARNING,CLEARED
ALM_000807,2026-08-24 23:24:00,2026-08-24 23:29:00,CELL_030_3,SITE_030,POWER_SUPPLY_WARNING,WARNING,CLEARED
ALM_000477,2026-08-25 02:42:00,2026-08-25 03:12:00,CELL_017_3,SITE_017,MINOR_VSWR_WARNING,MINOR,CLEARED
ALM_000160,2026-08-25 02:43:00,2026-08-25 02:58:00,CELL_007_1,SITE_007,HIGH_TEMPERATURE,MINOR,CLEARED
ALM_000282,2026-08-25 03:17:00,2026-08-25 05:17:00,CELL_011_2,SITE_011,MINOR_VSWR_WARNING,MINOR,CLEARED
ALM_000341,2026-08-25 03:26:00,2026-08-25 03:56:00,CELL_013_3,SITE_013,POWER_SUPPLY_WARNING,WARNING,CLEARED
ALM_000699,2026-08-25 04:08:00,2026-08-25 04:18:00,CELL_025_3,SITE_025,MINOR_VSWR_WARNING,MINOR,CLEARED
ALM_000843,2026-08-25 06:08:00,2026-08-25 08:08:00,CELL_031_3,SITE_031,POWER_SUPPLY_WARNING,WARNING,CLEARED
ALM_000375,2026-08-25 06:41:00,2026-08-25 06:51:00,CELL_014_2,SITE_014,SYNCHRONIZATION_WARNING,MINOR,CLEARED
ALM_000174,2026-08-25 07:01:00,2026-08-25 07:11:00,CELL_007_2,SITE_007,MINOR_VSWR_WARNING,MINOR,CLEARED
ALM_000738,2026-08-25 07:09:00,2026-08-25 08:09:00,CELL_027_3,SITE_027,SYNCHRONIZATION_WARNING,MINOR,CLEARED
ALM_000582,2026-08-25 07:15:00,2026-08-25 09:15:00,CELL_021_3,SITE_021,POWER_SUPPLY_WARNING,WARNING,CLEARED
ALM_000145,2026-08-25 07:57:00,2026-08-25 09:57:00,CELL_006_2,SITE_006,SYNCHRONIZATION_WARNING,MINOR,CLEARED
ALM_000193,2026-08-25 08:04:00,2026-08-25 09:04:00,CELL_008_1,SITE_008,TRANSPORT_LINK_FLAP,WARNING,CLEARED
ALM_000367,2026-08-25 08:10:00,2026-08-25 08:15:00,CELL_014_2,SITE_014,MINOR_VSWR_WARNING,MINOR,CLEARED
ALM_000066,2026-08-25 08:55:00,2026-08-25 10:55:00,CELL_003_2,SITE_003,HIGH_TEMPERATURE,MINOR,CLEARED
ALM_000086,2026-08-25 09:03:00,2026-08-25 09:18:00,CELL_004_1,SITE_004,TRANSPORT_LINK_FLAP,WARNING,CLEARED
ALM_000686,2026-08-25 09:50:00,2026-08-25 09:55:00,CELL_025_2,SITE_025,SYNCHRONIZATION_WARNING,MINOR,CLEARED
ALM_000952,2026-08-25 10:30:00,2026-08-25 10:45:00,CELL_035_3,SITE_035,HIGH_TEMPERATURE,MINOR,CLEARED
ALM_000337,2026-08-25 10:35:00,2026-08-25 11:05:00,CELL_013_2,SITE_013,POWER_SUPPLY_WARNING,WARNING,CLEARED
ALM_000382,2026-08-25 10:42:00,2026-08-25 11:42:00,CELL_014_3,SITE_014,HIGH_TEMPERATURE,MINOR,CLEARED
ALM_000357,2026-08-25 11:22:00,2026-08-25 13:22:00,CELL_014_1,SITE_014,SYNCHRONIZATION_WARNING,MINOR,CLEARED
ALM_000630,2026-08-25 13:27:00,2026-08-25 13:37:00,CELL_023_2,SITE_023,HIGH_TEMPERATURE,MINOR,CLEARED
ALM_001155,2026-08-25 14:10:00,2026-08-25 15:00:00,CELL_004_2,SITE_004,CELL_UNAVAILABLE,CRITICAL,CLEARED
ALM_000624,2026-08-25 14:27:00,2026-08-25 14:42:00,CELL_023_1,SITE_023,HIGH_TEMPERATURE,MINOR,CLEARED
ALM_000838,2026-08-25 15:18:00,2026-08-25 17:18:00,CELL_031_3,SITE_031,POWER_SUPPLY_WARNING,WARNING,CLEARED
ALM_000063,2026-08-25 15:24:00,2026-08-25 15:54:00,CELL_003_2,SITE_003,TRANSPORT_LINK_FLAP,WARNING,CLEARED
ALM_000836,2026-08-25 16:15:00,2026-08-25 16:25:00,CELL_031_3,SITE_031,HIGH_TEMPERATURE,MINOR,CLEARED
ALM_000299,2026-08-25 16:32:00,2026-08-25 18:32:00,CELL_011_3,SITE_011,POWER_SUPPLY_WARNING,WARNING,CLEARED
ALM_000694,2026-08-25 16:48:00,2026-08-25 18:48:00,CELL_025_2,SITE_025,TRANSPORT_LINK_FLAP,WARNING,CLEARED
ALM_000696,2026-08-25 17:46:00,2026-08-25 18:01:00,CELL_025_3,SITE_025,SYNCHRONIZATION_WARNING,MINOR,CLEARED
ALM_000483,2026-08-25 17:53:00,2026-08-25 18:23:00,CELL_018_1,SITE_018,POWER_SUPPLY_WARNING,WARNING,CLEARED
ALM_000743,2026-08-25 19:58:00,2026-08-25 20:08:00,CELL_028_1,SITE_028,POWER_SUPPLY_WARNING,WARNING,CLEARED
ALM_001108,2026-08-25 21:00:00,2026-08-25 22:00:00,CELL_029_3,SITE_029,HIGH_RESOURCE_UTILIZATION,MAJOR,CLEARED
ALM_001147,2026-08-25 21:00:00,2026-08-26 00:00:00,CELL_001_1,SITE_001,TRANSPORT_PACKET_LOSS,MAJOR,CLEARED
ALM_000036,2026-08-25 21:31:00,2026-08-25 21:36:00,CELL_002_2,SITE_002,MINOR_VSWR_WARNING,MINOR,CLEARED
ALM_000270,2026-08-25 22:13:00,2026-08-25 23:13:00,CELL_010_3,SITE_010,TRANSPORT_LINK_FLAP,WARNING,CLEARED
ALM_001021,2026-08-25 22:30:00,2026-08-25 22:40:00,CELL_037_3,SITE_037,SYNCHRONIZATION_WARNING,MINOR,CLEARED
ALM_000210,2026-08-25 22:42:00,2026-08-25 23:12:00,CELL_008_2,SITE_008,MINOR_VSWR_WARNING,MINOR,CLEARED
ALM_000672,2026-08-26 00:17:00,2026-08-26 01:17:00,CELL_024_3,SITE_024,MINOR_VSWR_WARNING,MINOR,CLEARED
ALM_000046,2026-08-26 00:22:00,2026-08-26 00:52:00,CELL_002_3,SITE_002,POWER_SUPPLY_WARNING,WARNING,CLEARED
ALM_000736,2026-08-26 00:42:00,2026-08-26 01:12:00,CELL_027_3,SITE_027,SYNCHRONIZATION_WARNING,MINOR,CLEARED
ALM_000944,2026-08-26 00:44:00,2026-08-26 00:59:00,CELL_035_2,SITE_035,POWER_SUPPLY_WARNING,WARNING,CLEARED
ALM_000744,2026-08-26 01:00:00,2026-08-26 03:00:00,CELL_028_1,SITE_028,HIGH_TEMPERATURE,MINOR,CLEARED
ALM_000922,2026-08-26 01:15:00,2026-08-26 01:20:00,CELL_034_2,SITE_034,HIGH_TEMPERATURE,MINOR,CLEARED
ALM_000115,2026-08-26 02:12:00,2026-08-26 02:27:00,CELL_005_2,SITE_005,POWER_SUPPLY_WARNING,WARNING,CLEARED
ALM_000708,2026-08-26 02:20:00,2026-08-26 02:30:00,CELL_026_2,SITE_026,HIGH_TEMPERATURE,MINOR,CLEARED
ALM_000406,2026-08-26 02:34:00,2026-08-26 02:39:00,CELL_015_3,SITE_015,HIGH_TEMPERATURE,MINOR,CLEARED
ALM_000283,2026-08-26 04:16:00,2026-08-26 04:46:00,CELL_011_2,SITE_011,MINOR_VSWR_WARNING,MINOR,CLEARED
ALM_000379,2026-08-26 04:35:00,2026-08-26 05:35:00,CELL_014_3,SITE_014,MINOR_VSWR_WARNING,MINOR,CLEARED
ALM_000042,2026-08-26 05:14:00,2026-08-26 07:14:00,CELL_002_3,SITE_002,HIGH_TEMPERATURE,MINOR,CLEARED
ALM_000698,2026-08-26 05:41:00,2026-08-26 05:51:00,CELL_025_3,SITE_025,POWER_SUPPLY_WARNING,WARNING,CLEARED
ALM_001139,2026-08-26 07:10:00,2026-08-26 08:00:00,CELL_004_3,SITE_004,TRANSPORT_PACKET_LOSS,MAJOR,CLEARED
ALM_000752,2026-08-26 07:39:00,2026-08-26 08:39:00,CELL_028_2,SITE_028,POWER_SUPPLY_WARNING,WARNING,CLEARED
ALM_000078,2026-08-26 07:41:00,2026-08-26 08:11:00,CELL_004_1,SITE_004,HIGH_TEMPERATURE,MINOR,CLEARED
ALM_000326,2026-08-26 07:57:00,2026-08-26 08:12:00,CELL_013_2,SITE_013,TRANSPORT_LINK_FLAP,WARNING,CLEARED
ALM_000494,2026-08-26 09:00:00,2026-08-26 09:30:00,CELL_018_2,SITE_018,POWER_SUPPLY_WARNING,WARNING,CLEARED
ALM_001148,2026-08-26 09:00:00,2026-08-26 10:00:00,CELL_022_2,SITE_022,TRANSPORT_PACKET_LOSS,MAJOR,CLEARED
ALM_000362,2026-08-26 09:34:00,2026-08-26 09:39:00,CELL_014_2,SITE_014,TRANSPORT_LINK_FLAP,WARNING,CLEARED
ALM_000732,2026-08-26 09:38:00,2026-08-26 10:08:00,CELL_027_2,SITE_027,POWER_SUPPLY_WARNING,WARNING,CLEARED
ALM_000688,2026-08-26 09:52:00,2026-08-26 11:52:00,CELL_025_2,SITE_025,TRANSPORT_LINK_FLAP,WARNING,CLEARED
ALM_000150,2026-08-26 10:36:00,2026-08-26 10:46:00,CELL_006_2,SITE_006,TRANSPORT_LINK_FLAP,WARNING,CLEARED
ALM_000523,2026-08-26 10:42:00,2026-08-26 11:42:00,CELL_019_2,SITE_019,TRANSPORT_LINK_FLAP,WARNING,CLEARED
ALM_000265,2026-08-26 11:50:00,2026-08-26 12:50:00,CELL_010_3,SITE_010,TRANSPORT_LINK_FLAP,WARNING,CLEARED
ALM_000590,2026-08-26 12:03:00,2026-08-26 13:03:00,CELL_021_3,SITE_021,TRANSPORT_LINK_FLAP,WARNING,CLEARED
ALM_000641,2026-08-26 12:16:00,2026-08-26 12:46:00,CELL_023_3,SITE_023,HIGH_TEMPERATURE,MINOR,CLEARED
ALM_000785,2026-08-26 12:56:00,2026-08-26 13:56:00,CELL_030_1,SITE_030,SYNCHRONIZATION_WARNING,MINOR,CLEARED
ALM_000584,2026-08-26 14:00:00,2026-08-26 15:00:00,CELL_021_3,SITE_021,TRANSPORT_LINK_FLAP,WARNING,CLEARED
ALM_000085,2026-08-26 14:36:00,2026-08-26 14:41:00,CELL_004_1,SITE_004,MINOR_VSWR_WARNING,MINOR,CLEARED
ALM_001087,2026-08-26 15:43:00,2026-08-26 15:58:00,CELL_040_2,SITE_040,TRANSPORT_LINK_FLAP,WARNING,CLEARED
ALM_000771,2026-08-26 17:02:00,2026-08-26 17:12:00,CELL_029_1,SITE_029,POWER_SUPPLY_WARNING,WARNING,CLEARED
ALM_000894,2026-08-26 17:40:00,2026-08-26 19:40:00,CELL_033_3,SITE_033,TRANSPORT_LINK_FLAP,WARNING,CLEARED
ALM_000424,2026-08-26 18:01:00,2026-08-26 20:01:00,CELL_016_2,SITE_016,POWER_SUPPLY_WARNING,WARNING,CLEARED
ALM_000399,2026-08-26 19:09:00,2026-08-26 19:24:00,CELL_015_2,SITE_015,POWER_SUPPLY_WARNING,WARNING,CLEARED
ALM_000388,2026-08-26 19:38:00,2026-08-26 19:43:00,CELL_014_3,SITE_014,SYNCHRONIZATION_WARNING,MINOR,CLEARED
ALM_000106,2026-08-26 21:08:00,2026-08-26 21:13:00,CELL_005_1,SITE_005,POWER_SUPPLY_WARNING,WARNING,CLEARED
ALM_001151,2026-08-26 21:15:00,2026-08-26 22:00:00,CELL_024_1,SITE_024,CELL_UNAVAILABLE,CRITICAL,CLEARED
ALM_000163,2026-08-26 21:56:00,2026-08-26 22:26:00,CELL_007_1,SITE_007,HIGH_TEMPERATURE,MINOR,CLEARED
ALM_000758,2026-08-26 23:07:00,2026-08-26 23:37:00,CELL_028_2,SITE_028,MINOR_VSWR_WARNING,MINOR,CLEARED
ALM_000575,2026-08-27 00:07:00,2026-08-27 00:17:00,CELL_021_2,SITE_021,SYNCHRONIZATION_WARNING,MINOR,CLEARED
ALM_000602,2026-08-27 00:22:00,2026-08-27 00:52:00,CELL_022_2,SITE_022,POWER_SUPPLY_WARNING,WARNING,CLEARED
ALM_000868,2026-08-27 00:42:00,2026-08-27 01:42:00,CELL_032_3,SITE_032,POWER_SUPPLY_WARNING,WARNING,CLEARED
ALM_000088,2026-08-27 00:48:00,2026-08-27 01:48:00,CELL_004_2,SITE_004,HIGH_TEMPERATURE,MINOR,CLEARED
ALM_000917,2026-08-27 01:05:00,2026-08-27 02:05:00,CELL_034_2,SITE_034,POWER_SUPPLY_WARNING,WARNING,CLEARED
ALM_000381,2026-08-27 01:33:00,2026-08-27 02:33:00,CELL_014_3,SITE_014,MINOR_VSWR_WARNING,MINOR,CLEARED
ALM_000067,2026-08-27 01:33:00,2026-08-27 01:43:00,CELL_003_2,SITE_003,HIGH_TEMPERATURE,MINOR,CLEARED
ALM_000014,2026-08-27 01:41:00,2026-08-27 02:11:00,CELL_001_2,SITE_001,MINOR_VSWR_WARNING,MINOR,CLEARED
ALM_000992,2026-08-27 03:03:00,2026-08-27 03:13:00,CELL_036_3,SITE_036,TRANSPORT_LINK_FLAP,WARNING,CLEARED
ALM_001027,2026-08-27 03:10:00,2026-08-27 03:40:00,CELL_038_1,SITE_038,MINOR_VSWR_WARNING,MINOR,CLEARED
ALM_000556,2026-08-27 03:31:00,2026-08-27 03:46:00,CELL_020_3,SITE_020,HIGH_TEMPERATURE,MINOR,CLEARED
ALM_001015,2026-08-27 03:42:00,2026-08-27 03:52:00,CELL_037_2,SITE_037,POWER_SUPPLY_WARNING,WARNING,CLEARED
ALM_000931,2026-08-27 04:12:00,2026-08-27 05:12:00,CELL_035_1,SITE_035,POWER_SUPPLY_WARNING,WARNING,CLEARED
ALM_000788,2026-08-27 05:09:00,2026-08-27 05:14:00,CELL_030_1,SITE_030,TRANSPORT_LINK_FLAP,WARNING,CLEARED
ALM_001070,2026-08-27 05:31:00,2026-08-27 05:46:00,CELL_039_3,SITE_039,POWER_SUPPLY_WARNING,WARNING,CLEARED
ALM_000240,2026-08-27 05:51:00,2026-08-27 07:51:00,CELL_009_3,SITE_009,POWER_SUPPLY_WARNING,WARNING,CLEARED
ALM_000497,2026-08-27 06:56:00,2026-08-27 07:11:00,CELL_018_3,SITE_018,TRANSPORT_LINK_FLAP,WARNING,CLEARED
ALM_000485,2026-08-27 07:18:00,2026-08-27 08:18:00,CELL_018_1,SITE_018,MINOR_VSWR_WARNING,MINOR,CLEARED
ALM_000030,2026-08-27 07:23:00,2026-08-27 09:23:00,CELL_002_1,SITE_002,HIGH_TEMPERATURE,MINOR,CLEARED
ALM_000912,2026-08-27 07:25:00,2026-08-27 08:25:00,CELL_034_1,SITE_034,MINOR_VSWR_WARNING,MINOR,CLEARED
ALM_000285,2026-08-27 07:56:00,2026-08-27 08:06:00,CELL_011_2,SITE_011,SYNCHRONIZATION_WARNING,MINOR,CLEARED
ALM_000434,2026-08-27 08:01:00,2026-08-27 09:01:00,CELL_016_3,SITE_016,TRANSPORT_LINK_FLAP,WARNING,CLEARED
ALM_000412,2026-08-27 08:18:00,2026-08-27 08:48:00,CELL_016_1,SITE_016,POWER_SUPPLY_WARNING,WARNING,CLEARED
ALM_000157,2026-08-27 09:51:00,2026-08-27 10:51:00,CELL_006_3,SITE_006,POWER_SUPPLY_WARNING,WARNING,CLEARED
ALM_000392,2026-08-27 10:09:00,2026-08-27 10:39:00,CELL_015_1,SITE_015,SYNCHRONIZATION_WARNING,MINOR,CLEARED
ALM_001036,2026-08-27 10:21:00,2026-08-27 12:21:00,CELL_038_2,SITE_038,SYNCHRONIZATION_WARNING,MINOR,CLEARED
ALM_000680,2026-08-27 10:41:00,2026-08-27 12:41:00,CELL_025_1,SITE_025,MINOR_VSWR_WARNING,MINOR,CLEARED
ALM_000756,2026-08-27 11:52:00,2026-08-27 12:02:00,CELL_028_2,SITE_028,TRANSPORT_LINK_FLAP,WARNING,CLEARED
ALM_000462,2026-08-27 12:24:00,2026-08-27 12:34:00,CELL_017_2,SITE_017,SYNCHRONIZATION_WARNING,MINOR,CLEARED
ALM_000084,2026-08-27 12:26:00,2026-08-27 12:31:00,CELL_004_1,SITE_004,POWER_SUPPLY_WARNING,WARNING,CLEARED
ALM_000143,2026-08-27 12:49:00,2026-08-27 14:49:00,CELL_006_2,SITE_006,MINOR_VSWR_WARNING,MINOR,CLEARED
ALM_000398,2026-08-27 14:04:00,2026-08-27 14:14:00,CELL_015_2,SITE_015,TRANSPORT_LINK_FLAP,WARNING,CLEARED
ALM_000678,2026-08-27 14:38:00,2026-08-27 14:43:00,CELL_025_1,SITE_025,TRANSPORT_LINK_FLAP,WARNING,CLEARED
ALM_000882,2026-08-27 15:27:00,2026-08-27 17:27:00,CELL_033_1,SITE_033,SYNCHRONIZATION_WARNING,MINOR,CLEARED
ALM_000005,2026-08-27 16:05:00,2026-08-27 16:10:00,CELL_001_1,SITE_001,HIGH_TEMPERATURE,MINOR,CLEARED
ALM_000608,2026-08-27 17:04:00,2026-08-27 18:04:00,CELL_022_2,SITE_022,TRANSPORT_LINK_FLAP,WARNING,CLEARED
ALM_000081,2026-08-27 17:47:00,2026-08-27 18:47:00,CELL_004_1,SITE_004,POWER_SUPPLY_WARNING,WARNING,CLEARED
ALM_000320,2026-08-27 18:40:00,2026-08-27 19:40:00,CELL_012_3,SITE_012,TRANSPORT_LINK_FLAP,WARNING,CLEARED
ALM_000011,2026-08-27 19:17:00,2026-08-27 19:27:00,CELL_001_1,SITE_001,SYNCHRONIZATION_WARNING,MINOR,CLEARED
ALM_000479,2026-08-27 19:23:00,2026-08-27 21:23:00,CELL_017_3,SITE_017,TRANSPORT_LINK_FLAP,WARNING,CLEARED
ALM_000417,2026-08-27 20:00:00,2026-08-27 22:00:00,CELL_016_1,SITE_016,SYNCHRONIZATION_WARNING,MINOR,CLEARED
ALM_000190,2026-08-27 20:06:00,2026-08-27 21:06:00,CELL_008_1,SITE_008,MINOR_VSWR_WARNING,MINOR,CLEARED
ALM_001050,2026-08-27 20:36:00,2026-08-27 21:06:00,CELL_039_1,SITE_039,HIGH_TEMPERATURE,MINOR,CLEARED
ALM_000465,2026-08-27 21:05:00,2026-08-27 21:10:00,CELL_017_2,SITE_017,POWER_SUPPLY_WARNING,WARNING,CLEARED
ALM_000232,2026-08-27 21:15:00,2026-08-27 21:45:00,CELL_009_2,SITE_009,HIGH_TEMPERATURE,MINOR,CLEARED
ALM_001097,2026-08-27 22:22:00,2026-08-28 00:22:00,CELL_040_2,SITE_040,SYNCHRONIZATION_WARNING,MINOR,CLEARED
ALM_001028,2026-08-27 22:48:00,2026-08-27 23:48:00,CELL_038_2,SITE_038,MINOR_VSWR_WARNING,MINOR,CLEARED
ALM_001000,2026-08-27 23:26:00,2026-08-28 01:26:00,CELL_037_1,SITE_037,POWER_SUPPLY_WARNING,WARNING,CLEARED
ALM_000194,2026-08-28 00:43:00,2026-08-28 00:48:00,CELL_008_1,SITE_008,MINOR_VSWR_WARNING,MINOR,CLEARED
ALM_000037,2026-08-28 00:50:00,2026-08-28 01:50:00,CELL_002_2,SITE_002,TRANSPORT_LINK_FLAP,WARNING,CLEARED
ALM_000076,2026-08-28 01:57:00,2026-08-28 02:12:00,CELL_003_3,SITE_003,SYNCHRONIZATION_WARNING,MINOR,CLEARED
ALM_000681,2026-08-28 03:13:00,2026-08-28 03:23:00,CELL_025_1,SITE_025,HIGH_TEMPERATURE,MINOR,CLEARED
ALM_000184,2026-08-28 03:23:00,2026-08-28 04:23:00,CELL_007_3,SITE_007,POWER_SUPPLY_WARNING,WARNING,CLEARED
ALM_000817,2026-08-28 04:11:00,2026-08-28 05:11:00,CELL_031_1,SITE_031,HIGH_TEMPERATURE,MINOR,CLEARED
ALM_001086,2026-08-28 04:46:00,2026-08-28 06:46:00,CELL_040_1,SITE_040,MINOR_VSWR_WARNING,MINOR,CLEARED
ALM_000457,2026-08-28 06:39:00,2026-08-28 07:39:00,CELL_017_1,SITE_017,HIGH_TEMPERATURE,MINOR,CLEARED
ALM_001131,2026-08-28 07:00:00,2026-08-28 10:00:00,CELL_010_3,SITE_010,RADIO_QUALITY_DEGRADATION,MAJOR,CLEARED
ALM_000471,2026-08-28 07:09:00,2026-08-28 07:14:00,CELL_017_3,SITE_017,POWER_SUPPLY_WARNING,WARNING,CLEARED
ALM_000505,2026-08-28 07:37:00,2026-08-28 08:07:00,CELL_019_1,SITE_019,HIGH_TEMPERATURE,MINOR,CLEARED
ALM_000123,2026-08-28 08:36:00,2026-08-28 08:41:00,CELL_005_3,SITE_005,SYNCHRONIZATION_WARNING,MINOR,CLEARED
ALM_000292,2026-08-28 10:07:00,2026-08-28 12:07:00,CELL_011_3,SITE_011,HIGH_TEMPERATURE,MINOR,CLEARED
ALM_000474,2026-08-28 11:09:00,2026-08-28 12:09:00,CELL_017_3,SITE_017,SYNCHRONIZATION_WARNING,MINOR,CLEARED
ALM_001062,2026-08-28 12:11:00,2026-08-28 12:41:00,CELL_039_2,SITE_039,HIGH_TEMPERATURE,MINOR,CLEARED
ALM_000835,2026-08-28 13:13:00,2026-08-28 13:28:00,CELL_031_3,SITE_031,TRANSPORT_LINK_FLAP,WARNING,CLEARED
ALM_000606,2026-08-28 13:14:00,2026-08-28 15:14:00,CELL_022_2,SITE_022,TRANSPORT_LINK_FLAP,WARNING,CLEARED
ALM_000851,2026-08-28 13:28:00,2026-08-28 14:28:00,CELL_032_1,SITE_032,TRANSPORT_LINK_FLAP,WARNING,CLEARED
ALM_000202,2026-08-28 13:30:00,2026-08-28 15:30:00,CELL_008_2,SITE_008,POWER_SUPPLY_WARNING,WARNING,CLEARED
ALM_000287,2026-08-28 14:05:00,2026-08-28 14:20:00,CELL_011_2,SITE_011,POWER_SUPPLY_WARNING,WARNING,CLEARED
ALM_000525,2026-08-28 14:18:00,2026-08-28 14:28:00,CELL_019_3,SITE_019,SYNCHRONIZATION_WARNING,MINOR,CLEARED
ALM_000372,2026-08-28 14:31:00,2026-08-28 14:36:00,CELL_014_2,SITE_014,TRANSPORT_LINK_FLAP,WARNING,CLEARED
ALM_000039,2026-08-28 15:21:00,2026-08-28 15:51:00,CELL_002_2,SITE_002,SYNCHRONIZATION_WARNING,MINOR,CLEARED
ALM_000866,2026-08-28 16:01:00,2026-08-28 18:01:00,CELL_032_3,SITE_032,MINOR_VSWR_WARNING,MINOR,CLEARED
ALM_000903,2026-08-28 16:04:00,2026-08-28 16:34:00,CELL_033_3,SITE_033,MINOR_VSWR_WARNING,MINOR,CLEARED
ALM_000742,2026-08-28 16:32:00,2026-08-28 16:42:00,CELL_028_1,SITE_028,TRANSPORT_LINK_FLAP,WARNING,CLEARED
ALM_000091,2026-08-28 16:48:00,2026-08-28 18:48:00,CELL_004_2,SITE_004,POWER_SUPPLY_WARNING,WARNING,CLEARED
ALM_000132,2026-08-28 17:14:00,2026-08-28 17:29:00,CELL_006_1,SITE_006,POWER_SUPPLY_WARNING,WARNING,CLEARED
ALM_000916,2026-08-28 19:28:00,2026-08-28 21:28:00,CELL_034_2,SITE_034,TRANSPORT_LINK_FLAP,WARNING,CLEARED
ALM_001044,2026-08-28 19:54:00,2026-08-28 20:54:00,CELL_038_3,SITE_038,MINOR_VSWR_WARNING,MINOR,CLEARED
ALM_000492,2026-08-28 20:20:00,2026-08-28 20:35:00,CELL_018_2,SITE_018,TRANSPORT_LINK_FLAP,WARNING,CLEARED
ALM_000850,2026-08-28 20:26:00,2026-08-28 21:26:00,CELL_032_1,SITE_032,MINOR_VSWR_WARNING,MINOR,CLEARED
ALM_000010,2026-08-28 22:20:00,2026-08-28 22:35:00,CELL_001_1,SITE_001,POWER_SUPPLY_WARNING,WARNING,CLEARED
ALM_000553,2026-08-28 22:27:00,2026-08-28 22:32:00,CELL_020_2,SITE_020,HIGH_TEMPERATURE,MINOR,CLEARED
ALM_000502,2026-08-28 22:40:00,2026-08-29 00:40:00,CELL_018_3,SITE_018,POWER_SUPPLY_WARNING,WARNING,CLEARED
ALM_000171,2026-08-28 23:10:00,2026-08-28 23:40:00,CELL_007_2,SITE_007,SYNCHRONIZATION_WARNING,MINOR,CLEARED
ALM_000516,2026-08-28 23:57:00,2026-08-29 00:07:00,CELL_019_2,SITE_019,SYNCHRONIZATION_WARNING,MINOR,CLEARED
ALM_000947,2026-08-29 00:49:00,2026-08-29 00:54:00,CELL_035_2,SITE_035,POWER_SUPPLY_WARNING,WARNING,CLEARED
ALM_000311,2026-08-29 00:57:00,2026-08-29 02:57:00,CELL_012_2,SITE_012,MINOR_VSWR_WARNING,MINOR,CLEARED
ALM_000793,2026-08-29 01:04:00,2026-08-29 01:34:00,CELL_030_2,SITE_030,TRANSPORT_LINK_FLAP,WARNING,CLEARED
ALM_001001,2026-08-29 01:10:00,2026-08-29 01:25:00,CELL_037_1,SITE_037,HIGH_TEMPERATURE,MINOR,CLEARED
ALM_000397,2026-08-29 01:12:00,2026-08-29 03:12:00,CELL_015_2,SITE_015,TRANSPORT_LINK_FLAP,WARNING,CLEARED
ALM_000724,2026-08-29 01:51:00,2026-08-29 02:06:00,CELL_027_2,SITE_027,MINOR_VSWR_WARNING,MINOR,CLEARED
ALM_000204,2026-08-29 02:41:00,2026-08-29 02:46:00,CELL_008_2,SITE_008,POWER_SUPPLY_WARNING,WARNING,CLEARED
ALM_000650,2026-08-29 02:43:00,2026-08-29 03:13:00,CELL_024_1,SITE_024,HIGH_TEMPERATURE,MINOR,CLEARED
ALM_000617,2026-08-29 03:07:00,2026-08-29 03:17:00,CELL_023_1,SITE_023,TRANSPORT_LINK_FLAP,WARNING,CLEARED
ALM_000260,2026-08-29 04:11:00,2026-08-29 06:11:00,CELL_010_2,SITE_010,POWER_SUPPLY_WARNING,WARNING,CLEARED
ALM_000555,2026-08-29 05:56:00,2026-08-29 06:11:00,CELL_020_3,SITE_020,TRANSPORT_LINK_FLAP,WARNING,CLEARED
ALM_001143,2026-08-29 07:05:00,2026-08-29 08:00:00,CELL_024_2,SITE_024,TRANSPORT_PACKET_LOSS,MAJOR,CLEARED
ALM_000225,2026-08-29 07:10:00,2026-08-29 07:25:00,CELL_009_1,SITE_009,HIGH_TEMPERATURE,MINOR,CLEARED
ALM_001113,2026-08-29 07:15:00,2026-08-29 09:00:00,CELL_035_2,SITE_035,HIGH_RESOURCE_UTILIZATION,MAJOR,CLEARED
ALM_000651,2026-08-29 08:12:00,2026-08-29 08:42:00,CELL_024_1,SITE_024,TRANSPORT_LINK_FLAP,WARNING,CLEARED
ALM_000988,2026-08-29 08:25:00,2026-08-29 09:25:00,CELL_036_3,SITE_036,MINOR_VSWR_WARNING,MINOR,CLEARED
ALM_000129,2026-08-29 09:08:00,2026-08-29 09:38:00,CELL_006_1,SITE_006,POWER_SUPPLY_WARNING,WARNING,CLEARED
ALM_000717,2026-08-29 09:32:00,2026-08-29 11:32:00,CELL_027_1,SITE_027,POWER_SUPPLY_WARNING,WARNING,CLEARED
ALM_001123,2026-08-29 10:05:00,2026-08-29 11:00:00,CELL_004_2,SITE_004,HIGH_RESOURCE_UTILIZATION,MAJOR,CLEARED
ALM_000049,2026-08-29 10:45:00,2026-08-29 11:45:00,CELL_003_1,SITE_003,TRANSPORT_LINK_FLAP,WARNING,CLEARED
ALM_000731,2026-08-29 11:01:00,2026-08-29 11:11:00,CELL_027_2,SITE_027,POWER_SUPPLY_WARNING,WARNING,CLEARED
ALM_000331,2026-08-29 11:04:00,2026-08-29 12:04:00,CELL_013_2,SITE_013,MINOR_VSWR_WARNING,MINOR,CLEARED
ALM_000832,2026-08-29 11:14:00,2026-08-29 13:14:00,CELL_031_3,SITE_031,POWER_SUPPLY_WARNING,WARNING,CLEARED
ALM_001117,2026-08-29 12:15:00,2026-08-29 15:00:00,CELL_016_1,SITE_016,HIGH_RESOURCE_UTILIZATION,MAJOR,CLEARED
ALM_000177,2026-08-29 12:30:00,2026-08-29 14:30:00,CELL_007_3,SITE_007,MINOR_VSWR_WARNING,MINOR,CLEARED
ALM_001088,2026-08-29 15:21:00,2026-08-29 15:51:00,CELL_040_2,SITE_040,MINOR_VSWR_WARNING,MINOR,CLEARED
ALM_001078,2026-08-29 16:51:00,2026-08-29 18:51:00,CELL_040_1,SITE_040,HIGH_TEMPERATURE,MINOR,CLEARED
ALM_000166,2026-08-29 17:15:00,2026-08-29 17:25:00,CELL_007_1,SITE_007,TRANSPORT_LINK_FLAP,WARNING,CLEARED
ALM_000411,2026-08-29 17:54:00,2026-08-29 17:59:00,CELL_016_1,SITE_016,POWER_SUPPLY_WARNING,WARNING,CLEARED
ALM_000295,2026-08-29 18:56:00,2026-08-29 19:06:00,CELL_011_3,SITE_011,POWER_SUPPLY_WARNING,WARNING,CLEARED
ALM_000676,2026-08-29 19:18:00,2026-08-29 19:48:00,CELL_025_1,SITE_025,SYNCHRONIZATION_WARNING,MINOR,CLEARED
ALM_000741,2026-08-29 19:40:00,2026-08-29 20:10:00,CELL_027_3,SITE_027,HIGH_TEMPERATURE,MINOR,CLEARED
ALM_000278,2026-08-29 19:40:00,2026-08-29 21:40:00,CELL_011_1,SITE_011,MINOR_VSWR_WARNING,MINOR,CLEARED
ALM_000433,2026-08-29 20:01:00,2026-08-29 20:16:00,CELL_016_3,SITE_016,POWER_SUPPLY_WARNING,WARNING,CLEARED
ALM_001079,2026-08-29 20:09:00,2026-08-29 21:09:00,CELL_040_1,SITE_040,MINOR_VSWR_WARNING,MINOR,CLEARED
ALM_000768,2026-08-29 20:22:00,2026-08-29 22:22:00,CELL_029_1,SITE_029,MINOR_VSWR_WARNING,MINOR,CLEARED
ALM_000377,2026-08-29 20:32:00,2026-08-29 20:42:00,CELL_014_2,SITE_014,TRANSPORT_LINK_FLAP,WARNING,CLEARED
ALM_000167,2026-08-29 21:02:00,2026-08-29 21:07:00,CELL_007_2,SITE_007,TRANSPORT_LINK_FLAP,WARNING,CLEARED
ALM_000847,2026-08-29 23:36:00,2026-08-30 01:36:00,CELL_032_1,SITE_032,HIGH_TEMPERATURE,MINOR,CLEARED
ALM_001105,2026-08-30 00:24:00,2026-08-30 00:34:00,CELL_040_3,SITE_040,HIGH_TEMPERATURE,MINOR,CLEARED
ALM_000702,2026-08-30 00:53:00,2026-08-30 01:53:00,CELL_026_1,SITE_026,MINOR_VSWR_WARNING,MINOR,CLEARED
ALM_000733,2026-08-30 01:32:00,2026-08-30 02:32:00,CELL_027_2,SITE_027,MINOR_VSWR_WARNING,MINOR,CLEARED
ALM_000982,2026-08-30 01:47:00,2026-08-30 01:57:00,CELL_036_3,SITE_036,TRANSPORT_LINK_FLAP,WARNING,CLEARED
ALM_000021,2026-08-30 02:04:00,2026-08-30 04:04:00,CELL_001_3,SITE_001,MINOR_VSWR_WARNING,MINOR,CLEARED
ALM_000008,2026-08-30 02:14:00,2026-08-30 02:44:00,CELL_001_1,SITE_001,HIGH_TEMPERATURE,MINOR,CLEARED
ALM_000017,2026-08-30 02:39:00,2026-08-30 03:39:00,CELL_001_2,SITE_001,SYNCHRONIZATION_WARNING,MINOR,CLEARED
ALM_000402,2026-08-30 03:57:00,2026-08-30 04:27:00,CELL_015_3,SITE_015,SYNCHRONIZATION_WARNING,MINOR,CLEARED
ALM_000710,2026-08-30 04:02:00,2026-08-30 04:17:00,CELL_026_2,SITE_026,HIGH_TEMPERATURE,MINOR,CLEARED
ALM_001061,2026-08-30 05:30:00,2026-08-30 06:00:00,CELL_039_2,SITE_039,SYNCHRONIZATION_WARNING,MINOR,CLEARED
ALM_000344,2026-08-30 05:31:00,2026-08-30 06:31:00,CELL_013_3,SITE_013,SYNCHRONIZATION_WARNING,MINOR,CLEARED
ALM_000125,2026-08-30 06:02:00,2026-08-30 06:17:00,CELL_005_3,SITE_005,TRANSPORT_LINK_FLAP,WARNING,CLEARED
ALM_001006,2026-08-30 07:52:00,2026-08-30 09:52:00,CELL_037_2,SITE_037,TRANSPORT_LINK_FLAP,WARNING,CLEARED
ALM_001034,2026-08-30 08:30:00,2026-08-30 10:30:00,CELL_038_2,SITE_038,HIGH_TEMPERATURE,MINOR,CLEARED
ALM_000407,2026-08-30 09:06:00,2026-08-30 10:06:00,CELL_015_3,SITE_015,SYNCHRONIZATION_WARNING,MINOR,CLEARED
ALM_000950,2026-08-30 09:13:00,2026-08-30 09:23:00,CELL_035_3,SITE_035,MINOR_VSWR_WARNING,MINOR,CLEARED
ALM_000880,2026-08-30 09:42:00,2026-08-30 10:12:00,CELL_033_1,SITE_033,HIGH_TEMPERATURE,MINOR,CLEARED
ALM_000358,2026-08-30 10:13:00,2026-08-30 10:18:00,CELL_014_1,SITE_014,HIGH_TEMPERATURE,MINOR,CLEARED
ALM_000378,2026-08-30 11:43:00,2026-08-30 11:58:00,CELL_014_3,SITE_014,TRANSPORT_LINK_FLAP,WARNING,CLEARED
ALM_001058,2026-08-30 12:12:00,2026-08-30 12:17:00,CELL_039_2,SITE_039,MINOR_VSWR_WARNING,MINOR,CLEARED
ALM_000475,2026-08-30 13:08:00,2026-08-30 13:38:00,CELL_017_3,SITE_017,MINOR_VSWR_WARNING,MINOR,CLEARED
ALM_000342,2026-08-30 13:12:00,2026-08-30 13:17:00,CELL_013_3,SITE_013,POWER_SUPPLY_WARNING,WARNING,CLEARED
ALM_000594,2026-08-30 13:49:00,2026-08-30 15:49:00,CELL_022_1,SITE_022,POWER_SUPPLY_WARNING,WARNING,CLEARED
ALM_000298,2026-08-30 14:04:00,2026-08-30 14:14:00,CELL_011_3,SITE_011,SYNCHRONIZATION_WARNING,MINOR,CLEARED
ALM_000351,2026-08-30 15:38:00,2026-08-30 15:48:00,CELL_014_1,SITE_014,TRANSPORT_LINK_FLAP,WARNING,CLEARED
ALM_000784,2026-08-30 16:25:00,2026-08-30 17:25:00,CELL_030_1,SITE_030,HIGH_TEMPERATURE,MINOR,CLEARED
ALM_000837,2026-08-30 16:40:00,2026-08-30 16:50:00,CELL_031_3,SITE_031,SYNCHRONIZATION_WARNING,MINOR,CLEARED
ALM_000767,2026-08-30 17:00:00,2026-08-30 18:00:00,CELL_028_3,SITE_028,SYNCHRONIZATION_WARNING,MINOR,CLEARED
ALM_000605,2026-08-30 17:15:00,2026-08-30 17:30:00,CELL_022_2,SITE_022,TRANSPORT_LINK_FLAP,WARNING,CLEARED
ALM_000195,2026-08-30 17:52:00,2026-08-30 17:57:00,CELL_008_1,SITE_008,MINOR_VSWR_WARNING,MINOR,CLEARED
ALM_000151,2026-08-30 18:49:00,2026-08-30 18:54:00,CELL_006_2,SITE_006,TRANSPORT_LINK_FLAP,WARNING,CLEARED
ALM_000487,2026-08-30 18:56:00,2026-08-30 19:06:00,CELL_018_1,SITE_018,HIGH_TEMPERATURE,MINOR,CLEARED
ALM_000262,2026-08-30 18:59:00,2026-08-30 20:59:00,CELL_010_3,SITE_010,SYNCHRONIZATION_WARNING,MINOR,CLEARED
ALM_000811,2026-08-30 19:10:00,2026-08-30 19:15:00,CELL_030_3,SITE_030,HIGH_TEMPERATURE,MINOR,CLEARED
ALM_000618,2026-08-30 19:15:00,2026-08-30 19:45:00,CELL_023_1,SITE_023,MINOR_VSWR_WARNING,MINOR,CLEARED
ALM_000140,2026-08-30 19:52:00,2026-08-30 20:22:00,CELL_006_2,SITE_006,MINOR_VSWR_WARNING,MINOR,CLEARED
ALM_000841,2026-08-30 20:46:00,2026-08-30 21:46:00,CELL_031_3,SITE_031,SYNCHRONIZATION_WARNING,MINOR,CLEARED
ALM_001090,2026-08-30 20:52:00,2026-08-30 21:07:00,CELL_040_2,SITE_040,MINOR_VSWR_WARNING,MINOR,CLEARED
ALM_000730,2026-08-30 21:29:00,2026-08-30 21:39:00,CELL_027_2,SITE_027,POWER_SUPPLY_WARNING,WARNING,CLEARED
ALM_000513,2026-08-30 21:29:00,2026-08-30 22:29:00,CELL_019_1,SITE_019,SYNCHRONIZATION_WARNING,MINOR,CLEARED
ALM_000716,2026-08-30 22:37:00,2026-08-30 23:07:00,CELL_027_1,SITE_027,HIGH_TEMPERATURE,MINOR,CLEARED
ALM_000706,2026-08-30 23:01:00,2026-08-31 00:01:00,CELL_026_2,SITE_026,MINOR_VSWR_WARNING,MINOR,CLEARED
ALM_000280,2026-08-30 23:12:00,2026-08-31 00:12:00,CELL_011_2,SITE_011,HIGH_TEMPERATURE,MINOR,CLEARED
ALM_000268,2026-08-30 23:42:00,2026-08-30 23:52:00,CELL_010_3,SITE_010,MINOR_VSWR_WARNING,MINOR,CLEARED
ALM_000980,2026-08-30 23:47:00,2026-08-31 01:47:00,CELL_036_3,SITE_036,POWER_SUPPLY_WARNING,WARNING,CLEARED
ALM_001098,2026-08-30 23:58:00,2026-08-31 00:28:00,CELL_040_3,SITE_040,SYNCHRONIZATION_WARNING,MINOR,CLEARED
